VMName,ResourceGroup,SubscriptionId,SubscriptionName,Origen,Estado,UltimoCambio,Error
APB0022HPV002,inf_ops_arc_apac,634e0965-c22c-4e55-ba34-7d320d396e24,KB Production,ArcAgentStatus,Disconnected,14/08/2026 08:19,Agente Arc con estado: Disconnected
APB0112HPV001,inf_ops_arc_apac,634e0965-c22c-4e55-ba34-7d320d396e24,KB Production,ArcAgentStatus,Disconnected,28/08/2026 03:30,Agente Arc con estado: Disconnected
APB0112HPV002,inf_ops_arc_apac,634e0965-c22c-4e55-ba34-7d320d396e24,KB Production,ArcAgentStatus,Disconnected,28/08/2026 03:25,Agente Arc con estado: Disconnected
APB0112WDFS01,inf_ops_arc_apac,634e0965-c22c-4e55-ba34-7d320d396e24,KB Production,ArcAgentStatus,Disconnected,28/08/2026 03:29,Agente Arc con estado: Disconnected
APB0112WKTBDC01,inf_ops_arc_apac,634e0965-c22c-4e55-ba34-7d320d396e24,KB Production,ArcAgentStatus,Disconnected,28/08/2026 03:25,Agente Arc con estado: Disconnected
APB0112WPRT01,inf_ops_arc_apac,634e0965-c22c-4e55-ba34-7d320d396e24,KB Production,ArcAgentStatus,Disconnected,28/08/2026 03:27,Agente Arc con estado: Disconnected
APEQX2WCVPXY1,inf_ops_arc_apac,634e0965-c22c-4e55-ba34-7d320d396e24,KB Production,ArcAgentStatus,Disconnected,14/08/2026 07:52,Agente Arc con estado: Disconnected
APEQX2WCVPXY2,inf_ops_arc_apac,634e0965-c22c-4e55-ba34-7d320d396e24,KB Production,ArcAgentStatus,Disconnected,14/08/2026 07:56,Agente Arc con estado: Disconnected
APEQX2WKBIADM01,inf_ops_arc_namr,634e0965-c22c-4e55-ba34-7d320d396e24,KB Production,ArcAgentStatus,Disconnected,05/08/2026 07:34,Agente Arc con estado: Disconnected
APEQX2WKTBADM01,inf_ops_arc_apac,634e0965-c22c-4e55-ba34-7d320d396e24,KB Production,ArcAgentStatus,Disconnected,14/08/2026 07:50,Agente Arc con estado: Disconnected
APEQX2WKTBDC02,inf_ops_arc_apac,634e0965-c22c-4e55-ba34-7d320d396e24,KB Production,ArcAgentStatus,Disconnected,14/08/2026 08:03,Agente Arc con estado: Disconnected
APEQX2WKTBDC03,inf_ops_arc_apac,634e0965-c22c-4e55-ba34-7d320d396e24,KB Production,ArcAgentStatus,Disconnected,14/08/2026 08:04,Agente Arc con estado: Disconnected
APEQX2WKTBGFC01,inf_ops_arc_apac,634e0965-c22c-4e55-ba34-7d320d396e24,KB Production,ArcAgentStatus,Disconnected,14/08/2026 07:46,Agente Arc con estado: Disconnected
APEQX2WROOTDC03,inf_ops_arc_apac,634e0965-c22c-4e55-ba34-7d320d396e24,KB Production,ArcAgentStatus,Disconnected,14/08/2026 08:25,Agente Arc con estado: Disconnected
APEQX2WSFQPSS02,inf_ops_arc_apac,634e0965-c22c-4e55-ba34-7d320d396e24,KB Production,ArcAgentStatus,Disconnected,14/08/2026 07:40,Agente Arc con estado: Disconnected
APEQX2WWSUS01,inf_ops_arc_apac,634e0965-c22c-4e55-ba34-7d320d396e24,KB Production,ArcAgentStatus,Disconnected,03/08/2026 12:38,Agente Arc con estado: Disconnected
eud0012wdfs01,inf_ops_arc_hh_emea,634e0965-c22c-4e55-ba34-7d320d396e24,KB Production,AUMAssessmentError,Failed,01/09/2026 01:46,"""74 errors reported. The latest 3 errors are shared in details. To view all errors, review this log file on the machine:[C:\ProgramData\GuestConfig\extension_logs\Microsoft.CPlat.Core.WindowsPatchExtension]"
eud0012wdfs02,inf_ops_arc_hh_emea,634e0965-c22c-4e55-ba34-7d320d396e24,KB Production,AUMAssessmentError,Failed,01/09/2026 01:46,"""74 errors reported. The latest 3 errors are shared in details. To view all errors, review this log file on the machine:[C:\ProgramData\GuestConfig\extension_logs\Microsoft.CPlat.Core.WindowsPatchExtension]"
eud0012wdip01,inf_ops_arc_hh_emea,634e0965-c22c-4e55-ba34-7d320d396e24,KB Production,AUMAssessmentError,Failed,01/09/2026 11:14,"""74 errors reported. The latest 3 errors are shared in details. To view all errors, review this log file on the machine:[C:\ProgramData\GuestConfig\extension_logs\Microsoft.CPlat.Core.WindowsPatchExtension]"
eud0012wdip02,inf_ops_arc_hh_emea,634e0965-c22c-4e55-ba34-7d320d396e24,KB Production,AUMAssessmentError,Failed,31/08/2026 15:43,"""70 errors reported. The latest 3 errors are shared in details. To view all errors, review this log file on the machine:[C:\ProgramData\GuestConfig\extension_logs\Microsoft.CPlat.Core.WindowsPatchExtension]"
eud0012wktbdc03,inf_ops_arc_hh_emea,634e0965-c22c-4e55-ba34-7d320d396e24,KB Production,AUMAssessmentError,Failed,01/09/2026 06:27,"""74 errors reported. The latest 3 errors are shared in details. To view all errors, review this log file on the machine:[C:\ProgramData\GuestConfig\extension_logs\Microsoft.CPlat.Core.WindowsPatchExtension]"
eud0012wprt01,inf_ops_arc_hh_emea,634e0965-c22c-4e55-ba34-7d320d396e24,KB Production,AUMAssessmentError,Failed,01/09/2026 06:28,"""74 errors reported. The latest 3 errors are shared in details. To view all errors, review this log file on the machine:[C:\ProgramData\GuestConfig\extension_logs\Microsoft.CPlat.Core.WindowsPatchExtension]"
eueqx2wcvpxy1,inf_ops_arc_emea,634e0965-c22c-4e55-ba34-7d320d396e24,KB Production,AUMAssessmentError,Failed,31/08/2026 20:15,"""230 errors reported. The latest 3 errors are shared in details. To view all errors, review this log file on the machine:[C:\ProgramData\GuestConfig\extension_logs\Microsoft.CPlat.Core.WindowsPatchExtension]"
eueqx2wcvpxy2,inf_ops_arc_emea,634e0965-c22c-4e55-ba34-7d320d396e24,KB Production,AUMAssessmentError,Failed,01/09/2026 08:16,"""202 errors reported. The latest 3 errors are shared in details. To view all errors, review this log file on the machine:[C:\ProgramData\GuestConfig\extension_logs\Microsoft.CPlat.Core.WindowsPatchExtension]"
eueqx2wgwy01,inf_ops_arc_emea,634e0965-c22c-4e55-ba34-7d320d396e24,KB Production,AUMAssessmentError,Failed,31/08/2026 22:36,"""200 errors reported. The latest 3 errors are shared in details. To view all errors, review this log file on the machine:[C:\ProgramData\GuestConfig\extension_logs\Microsoft.CPlat.Core.WindowsPatchExtension]"
eueqx2wgwy02,inf_ops_arc_emea,634e0965-c22c-4e55-ba34-7d320d396e24,KB Production,AUMAssessmentError,Failed,01/09/2026 10:37,"""202 errors reported. The latest 3 errors are shared in details. To view all errors, review this log file on the machine:[C:\ProgramData\GuestConfig\extension_logs\Microsoft.CPlat.Core.WindowsPatchExtension]"
eueqx2wgwy03,inf_ops_arc_emea,634e0965-c22c-4e55-ba34-7d320d396e24,KB Production,AUMAssessmentError,Failed,01/09/2026 08:14,"""200 errors reported. The latest 3 errors are shared in details. To view all errors, review this log file on the machine:[C:\ProgramData\GuestConfig\extension_logs\Microsoft.CPlat.Core.WindowsPatchExtension]"
eueqx2wktbdc01,inf_ops_arc_emea,634e0965-c22c-4e55-ba34-7d320d396e24,KB Production,AUMAssessmentError,Failed,31/08/2026 20:14,"""198 errors reported. The latest 3 errors are shared in details. To view all errors, review this log file on the machine:[C:\ProgramData\GuestConfig\extension_logs\Microsoft.CPlat.Core.WindowsPatchExtension]"
eueqx2wktbdc02,inf_ops_arc_emea,634e0965-c22c-4e55-ba34-7d320d396e24,KB Production,AUMAssessmentError,Failed,31/08/2026 20:15,"""196 errors reported. The latest 3 errors are shared in details. To view all errors, review this log file on the machine:[C:\ProgramData\GuestConfig\extension_logs\Microsoft.CPlat.Core.WindowsPatchExtension]"
eueqx2wktbdip01,inf_ops_arc_emea,634e0965-c22c-4e55-ba34-7d320d396e24,KB Production,AUMAssessmentError,Failed,01/09/2026 08:14,"""205 errors reported. The latest 3 errors are shared in details. To view all errors, review this log file on the machine:[C:\ProgramData\GuestConfig\extension_logs\Microsoft.CPlat.Core.WindowsPatchExtension]"
eueqx2wktbdip02,inf_ops_arc_emea,634e0965-c22c-4e55-ba34-7d320d396e24,KB Production,AUMAssessmentError,Failed,31/08/2026 20:12,"""198 errors reported. The latest 3 errors are shared in details. To view all errors, review this log file on the machine:[C:\ProgramData\GuestConfig\extension_logs\Microsoft.CPlat.Core.WindowsPatchExtension]"
eueqx2wrootdc01,inf_ops_arc_emea,634e0965-c22c-4e55-ba34-7d320d396e24,KB Production,AUMAssessmentError,Failed,31/08/2026 20:12,"""196 errors reported. The latest 3 errors are shared in details. To view all errors, review this log file on the machine:[C:\ProgramData\GuestConfig\extension_logs\Microsoft.CPlat.Core.WindowsPatchExtension]"
eueqx2wsql01prd,inf_ops_arc_emea,634e0965-c22c-4e55-ba34-7d320d396e24,KB Production,AUMAssessmentError,Failed,31/08/2026 22:37,"""234 errors reported. The latest 3 errors are shared in details. To view all errors, review this log file on the machine:[C:\ProgramData\GuestConfig\extension_logs\Microsoft.CPlat.Core.WindowsPatchExtension]"
eueqx2wswmppri,inf_ops_arc_emea,634e0965-c22c-4e55-ba34-7d320d396e24,KB Production,AUMAssessmentError,Failed,01/09/2026 10:36,"""262 errors reported. The latest 3 errors are shared in details. To view all errors, review this log file on the machine:[C:\ProgramData\GuestConfig\extension_logs\Microsoft.CPlat.Core.WindowsPatchExtension]"
eueqx2wswmpsec,inf_ops_arc_emea,634e0965-c22c-4e55-ba34-7d320d396e24,KB Production,AUMAssessmentError,Failed,31/08/2026 22:37,"""230 errors reported. The latest 3 errors are shared in details. To view all errors, review this log file on the machine:[C:\ProgramData\GuestConfig\extension_logs\Microsoft.CPlat.Core.WindowsPatchExtension]"
eueqx2wwsus01,inf_ops_arc_emea,634e0965-c22c-4e55-ba34-7d320d396e24,KB Production,AUMAssessmentError,Failed,01/09/2026 10:35,"""234 errors reported. The latest 3 errors are shared in details. To view all errors, review this log file on the machine:[C:\ProgramData\GuestConfig\extension_logs\Microsoft.CPlat.Core.WindowsPatchExtension]"
euwhq22wroot02,inf_ops_arc_hh_emea,634e0965-c22c-4e55-ba34-7d320d396e24,KB Production,AUMAssessmentError,Failed,01/09/2026 06:09,Extension failed during enable. Extension returned non-zero exit code for Enable: -1073741502. . Extension error output: std error:  Machine currently has a pending reboot which may cause Arc and extension services to not function properly.. . Extension std output:  std out: .  
lam007leadtecnm,inf_ops_arc_namr,634e0965-c22c-4e55-ba34-7d320d396e24,KB Production,AUMAssessmentError,Failed,01/09/2026 17:06,"Extension returned non-zero exit code for Enable: 88. . Extension error output: std error: Running scope as unit: run-rba609ef188f343b3a8cc78477b6368bc.scope
. . Extension std output:  std out: /usr/bin/python3
python3 --version
Reading file. [File=HandlerEnvironment.json]
Fetching and validating sequence number from the environment variable
Sequence number set in environment variable. [Sequence No=579]
Creating log file. [File=2026-09-01_17-06-32_Enable.ext.log]
Retaining 15 most recent operation Core logs, deleting others.
Retaining 15 most recent operation Extension logs, deleting others.
Deleted [File='/var/lib/GuestConfig/extension_logs/Microsoft.CPlat.Core.LinuxPatchExtension-1.6.66/2026-08-29_04-44-44_Enable.ext.log']
--------------------------------------------------------------------------------------------------------------------------------
Performing sudo status check... This should complete within 10 seconds.
Sudo status check failed. Please ensure the computer is configured correctly for sudo invocation. Exception details: Unexpected sudo check result. Output: False 
.  Extension Message: Error occurred during extension enable
Extension Error: /usr/bin/python3
python3 --version
Reading file. [File=HandlerEnvironment.json]
Fetching and validating sequence number from the environment variable
Sequence number set in environment variable. [Sequence No=579]
Creating log file. [File=2026-09-01_17-06-32_Enable.ext.log]
Retaining 15 most recent operation Core logs, deleting others.
Retaining 15 most recent operation Extension logs, deleting others.
Deleted [File='/var/lib/GuestConfig/extension_logs/Microsoft.CPlat.Core.LinuxPatchExtension-1.6.66/2026-08-29_04-44-44_Enable.ext.log']
--------------------------------------------------------------------------------------------------------------------------------
Performing sudo status check... This should complete within 10 seconds.
Sudo status check failed. Please ensure the computer is configured correctly for sudo invocation. Exception details: Unexpected sudo check result. Output: False 
Running scope as unit: run-rba609ef188f343b3a8cc78477b6368bc.scope
"
LAM0092WKTBDIP1,inf_ops_arc_namr,634e0965-c22c-4e55-ba34-7d320d396e24,KB Production,ArcAgentStatus,Disconnected,26/07/2026 07:02,Agente Arc con estado: Disconnected
LAM0092WPRETDQ1,inf_ops_arc_namr,634e0965-c22c-4e55-ba34-7d320d396e24,KB Production,ArcAgentStatus,Disconnected,19/08/2026 20:13,Agente Arc con estado: Disconnected
lam009leadtecnm,inf_ops_arc_namr,634e0965-c22c-4e55-ba34-7d320d396e24,KB Production,AUMAssessmentError,Failed,01/09/2026 03:03,Operation has timed out.
