"DuplicateSet","MatchValue","DisplayName","ObjectId","GroupType","MailNickname","Mail","SyncedFromOnPrem","CreatedDateTime","Description"
"1","All Disabled Kontoor Mailboxes","All Disabled Kontoor Mailboxes","5f5be66e-ebc4-4537-8e47-e083ee098df7","Security (Dynamic)","15f64aa9-f",,"False","05/02/2026 04:13:44 p. m.","Disabled account mailboxes which can be included in the housekeeping processes"
"1","All Disabled Kontoor Mailboxes","All Disabled Kontoor Mailboxes","2a9e7d38-e3c4-4f26-9a89-a53cf893e578","Mail-enabled security","AllDisabledKontoorMailboxes","AllDisabledKontoorMailboxes@KontoorBrands.com","False","05/02/2026 04:24:02 p. m.","Disabled account mailboxes which can be included in the housekeeping processes
synced with the security group of the same name, using the custom AZ Automation process"
"2","All Kontoor Mailboxes","All Kontoor Mailboxes","0f5cfd31-aead-465c-9db7-8f0ad864d7f3","Security (Dynamic)","a11533d9-8",,"False","15/08/2025 10:14:10 a. m.","A group which contains all user and shared mailbox accounts"
"2","All Kontoor Mailboxes","All Kontoor Mailboxes","64d5d33c-cd31-4a94-bd09-3a536687a261","Mail-enabled security","AllKontoorMailboxes","AllKontoorMailboxes@KontoorBrands.com","False","15/08/2025 10:35:21 a. m.","All Kontoor Mailboxes"
"3","DTC Merchandising","DTC Merchandising","392b371c-a005-40e7-9c24-43c8e3b5af35","Microsoft 365","DTCMerchandising","DTCMerchandising@KontoorBrands.com","False","23/03/2021 05:30:16 p. m.","DTC Merchandising"
"3","DTC Merchandising","DTC Merchandising","b3fa78a5-c95d-4e6d-ad5a-074a420d7e5f","Distribution","DTC.Merchandising","DTC.Merchandising@KontoorBrands.com","False","10/12/2023 07:30:46 a. m.",
"3","DTC Merchandising","DTC Merchandising","cfdbb298-9361-4dae-b398-607e56c4d7ad","Microsoft 365","LEE-EMEA-Merchandising-ProductTraining-DTC","LEE-EMEA-Merchandising-ProductTraining-DTC@teams.kontoorbrands.com","False","22/01/2024 07:34:10 p. m."," "
"3","DTC Merchandising","DTC Merchandising","03b2be4d-fce4-4cd7-a91f-7f38c0bbc8c6","Microsoft 365","KTB-EMEA-Merchandising-DTC-Team","KTB-EMEA-Merchandising-DTC-Team@teams.kontoorbrands.com","False","30/07/2024 09:23:22 a. m.","DTC Merchandising"
"4","Employee Resource Groups","Employee Resource Groups","7345f2fd-bd28-44e0-941c-87533d629d4b","Microsoft 365","Employee","Employee@KontoorBrands.com","False","09/04/2019 04:43:46 p. m.","Employee resource team accountable for driving Inclusion & Diversity initiatives, importance, and messages for Kontoor."
"4","Employee Resource Groups","Employee Resource Groups","097d1157-f4d7-44d1-984d-e748784b0439","Microsoft 365","employeeresourcegroups","employeeresourcegroups@teams.kontoorbrands.com","False","29/02/2024 05:07:58 a. m.","Let's connect! This page is for any member of an Employee Resource Groups (ERGs) at Kontoor, to post, share, and network."
"5","ERG Belgium","ERG Belgium","b730396f-a4a3-412c-8ba2-76d94aa349e5","Microsoft 365","KTB-EMEA-Communications-ERGBelgium-ERGBelgium","KTB-EMEA-Communications-ERGBelgium-ERGBelgium@teams.kontoorbrands.com","False","23/03/2023 02:41:56 p. m.","ERG Belgium"
"5","ERG Belgium","ERG Belgium","2ebe9499-c2a5-4d3f-992a-02001f9163bc","Microsoft 365","KTB-EMEA-Communications-ERGBelgium","KTB-EMEA-Communications-ERGBelgium@teams.kontoorbrands.com","False","23/03/2023 02:46:45 p. m."," "
"6","Global Information Security","Global Information Security","353b0512-c577-4957-b670-16140bc21ecc","Microsoft 365","Global.Information.Security.Teams","Global.Information.Security.Teams@KontoorBrands.com","False","17/12/2019 06:26:37 p. m.","Focused collaboration in the development of Information security controls with IT and business partners."
"6","Global Information Security","Global Information Security","729411ed-bf88-4276-b22b-3e790eb89660","Microsoft 365","globalinformationsecurity612","globalinformationsecurity612@teams.kontoorbrands.com","False","29/02/2024 05:10:57 a. m.","Your home for Protect @ Kontoor!"
"7","Hackleburg Routing","Hackleburg Routing","0a40b09e-8a33-4096-a99e-ebfa902a0f55","Distribution","hackleburgrouting","hackleburgrouting@KontoorBrands.com","False","24/11/2022 01:16:57 a. m.","Hackleburg Routing"
"7","Hackleburg Routing","Hackleburg Routing","339a0111-8649-4b6e-bcdc-63720bc4a617","Distribution","Routing","Hackleburg.Routing.Group@KontoorBrands.com","False","13/05/2026 02:50:15 p. m.",
"8","HH-Descartes-AAD-NAMR-Customs_adminsysadmin99","HH-Descartes-AAD-NAMR-Customs_adminsysadmin99","1a07c76a-bfd4-4642-960e-b97b869c3c3a","Security","HH-Descartes-AAD-NAMR-Customs_adminsysadmin99",,"False","23/07/2026 11:03:48 a. m.",
"8","HH-Descartes-AAD-NAMR-Customs_adminSYSADMIN99","HH-Descartes-AAD-NAMR-Customs_adminSYSADMIN99","1aaeed13-d64e-406b-b8bc-00d6b2fbf3bd","Security","HH-Descartes-AAD-NAMR-Customs_adminSYSADMIN99",,"False","23/07/2026 11:04:00 a. m.",
"9","HH-EmraldX-AAD-EMEA-ElasticWorkwear_AT98","HH-EmraldX-AAD-EMEA-ElasticWorkwear_AT98","79b54ec6-f321-4198-b09a-61ba2cb7751d","Security","HH-EmraldX-AAD-EMEA-ElasticWorkwear_AT98",,"False","23/07/2026 11:02:31 a. m.",
"9","HH-EmraldX-AAD-EMEA-ElasticWorkwear_AT98","HH-EmraldX-AAD-EMEA-ElasticWorkwear_AT98","17a9d0e7-4c29-428e-9a31-30854a911307","Security","HH-EmraldX-AAD-EMEA-ElasticWorkwear_AT98",,"False","10/09/2026 12:18:14 p. m.",
"10","HH-EmraldX-AAD-EMEA-ElasticWorkwear_AT99","HH-EmraldX-AAD-EMEA-ElasticWorkwear_AT99","1fdfbcbe-cfad-4839-912d-ffe165216caa","Security","HH-EmraldX-AAD-EMEA-ElasticWorkwear_AT99",,"False","23/07/2026 11:02:32 a. m.",
"10","HH-EmraldX-AAD-EMEA-ElasticWorkwear_AT99","HH-EmraldX-AAD-EMEA-ElasticWorkwear_AT99","8753c7bc-759c-4f72-b8f5-eeeec2580fe4","Security","HH-EmraldX-AAD-EMEA-ElasticWorkwear_AT99",,"False","10/09/2026 12:18:14 p. m.",
"11","HH-EmraldX-AAD-EMEA-ElasticWorkwear_BGLVE","HH-EmraldX-AAD-EMEA-ElasticWorkwear_BGLVE","77e3c3b8-df68-4f4c-9423-13829e4d8356","Security","HH-EmraldX-AAD-EMEA-ElasticWorkwear_BGLVE",,"False","23/07/2026 11:02:33 a. m.",
"11","HH-EmraldX-AAD-EMEA-ElasticWorkwear_BGLVE","HH-EmraldX-AAD-EMEA-ElasticWorkwear_BGLVE","b55755de-30df-4dae-873e-69bcff7435cb","Security","HH-EmraldX-AAD-EMEA-ElasticWorkwear_BGLVE",,"False","10/09/2026 12:18:06 p. m.",
"12","HH-EmraldX-AAD-EMEA-ElasticWorkwear_CH08","HH-EmraldX-AAD-EMEA-ElasticWorkwear_CH08","a4d32fd3-4231-4690-9bab-7a5af3b2e699","Security","HH-EmraldX-AAD-EMEA-ElasticWorkwear_CH08",,"False","23/07/2026 11:02:33 a. m.",
"12","HH-EmraldX-AAD-EMEA-ElasticWorkwear_CH08","HH-EmraldX-AAD-EMEA-ElasticWorkwear_CH08","3128ceb1-ec92-46f2-b85d-24854650dd49","Security","HH-EmraldX-AAD-EMEA-ElasticWorkwear_CH08",,"False","10/09/2026 12:18:12 p. m.",
"13","HH-EmraldX-AAD-EMEA-ElasticWorkwear_CH09","HH-EmraldX-AAD-EMEA-ElasticWorkwear_CH09","182e4625-ca56-4aa3-87a7-ad3c7203bb36","Security","HH-EmraldX-AAD-EMEA-ElasticWorkwear_CH09",,"False","23/07/2026 11:02:33 a. m.",
"13","HH-EmraldX-AAD-EMEA-ElasticWorkwear_CH09","HH-EmraldX-AAD-EMEA-ElasticWorkwear_CH09","a335095a-1e9b-46d5-81f3-1824b7a9a4a4","Security","HH-EmraldX-AAD-EMEA-ElasticWorkwear_CH09",,"False","10/09/2026 12:18:13 p. m.",
"14","HH-EmraldX-AAD-EMEA-ElasticWorkwear_CH15","HH-EmraldX-AAD-EMEA-ElasticWorkwear_CH15","e9e7bdea-de52-41d3-873e-55fcb5b11b4d","Security","HH-EmraldX-AAD-EMEA-ElasticWorkwear_CH15",,"False","10/09/2026 12:17:59 p. m.",
"14","HH-EmraldX-AAD-EMEA-ElasticWorkwear_CH15","HH-EmraldX-AAD-EMEA-ElasticWorkwear_CH15","54364987-3183-408d-a5d1-487e2ae2bb14","Security","HH-EmraldX-AAD-EMEA-ElasticWorkwear_CH15",,"False","10/09/2026 12:18:13 p. m.",
"15","HH-EmraldX-AAD-EMEA-ElasticWorkwear_CH98","HH-EmraldX-AAD-EMEA-ElasticWorkwear_CH98","67097ac5-cdb0-45fd-906f-0f5c1952c9f3","Security","HH-EmraldX-AAD-EMEA-ElasticWorkwear_CH98",,"False","23/07/2026 11:02:33 a. m.",
"15","HH-EmraldX-AAD-EMEA-ElasticWorkwear_CH98","HH-EmraldX-AAD-EMEA-ElasticWorkwear_CH98","2e8d58fd-8fee-4948-bd76-88b45978841a","Security","HH-EmraldX-AAD-EMEA-ElasticWorkwear_CH98",,"False","10/09/2026 12:18:13 p. m.",
"16","HH-EmraldX-AAD-EMEA-ElasticWorkwear_CH99","HH-EmraldX-AAD-EMEA-ElasticWorkwear_CH99","5a4e8b2d-0bb3-4d6c-84a3-0d20f1afee3e","Security","HH-EmraldX-AAD-EMEA-ElasticWorkwear_CH99",,"False","23/07/2026 11:02:34 a. m.",
"16","HH-EmraldX-AAD-EMEA-ElasticWorkwear_CH99","HH-EmraldX-AAD-EMEA-ElasticWorkwear_CH99","cdde007f-1a26-4b5e-a372-7eac5e05b0e8","Security","HH-EmraldX-AAD-EMEA-ElasticWorkwear_CH99",,"False","10/09/2026 12:18:14 p. m.",
"17","HH-EmraldX-AAD-EMEA-ElasticWorkwear_CZ01","HH-EmraldX-AAD-EMEA-ElasticWorkwear_CZ01","e0f72ec1-16af-4ed3-97a7-739bec38935f","Security","HH-EmraldX-AAD-EMEA-ElasticWorkwear_CZ01",,"False","04/08/2026 07:59:15 a. m.",
"17","HH-EmraldX-AAD-EMEA-ElasticWorkwear_CZ01","HH-EmraldX-AAD-EMEA-ElasticWorkwear_CZ01","9a2dac67-72c7-4b94-950f-a7632534f735","Security","HH-EmraldX-AAD-EMEA-ElasticWorkwear_CZ01",,"False","04/08/2026 07:59:17 a. m.",
"17","HH-EmraldX-AAD-EMEA-ElasticWorkwear_CZ01","HH-EmraldX-AAD-EMEA-ElasticWorkwear_CZ01","6e76428a-96f5-47f6-9ee4-d538262be8af","Security","HH-EmraldX-AAD-EMEA-ElasticWorkwear_CZ01",,"False","10/09/2026 12:18:17 p. m.",
"18","HH-EmraldX-AAD-EMEA-ElasticWorkwear_CZ05","HH-EmraldX-AAD-EMEA-ElasticWorkwear_CZ05","52d44eb6-b020-4a9b-8175-78a7ba2ff9f2","Security","HH-EmraldX-AAD-EMEA-ElasticWorkwear_CZ05",,"False","04/08/2026 07:59:15 a. m.",
"18","HH-EmraldX-AAD-EMEA-ElasticWorkwear_CZ05","HH-EmraldX-AAD-EMEA-ElasticWorkwear_CZ05","5524b838-f75c-428f-8e5a-8b070c5216c1","Security","HH-EmraldX-AAD-EMEA-ElasticWorkwear_CZ05",,"False","04/08/2026 07:59:15 a. m.",
"18","HH-EmraldX-AAD-EMEA-ElasticWorkwear_CZ05","HH-EmraldX-AAD-EMEA-ElasticWorkwear_CZ05","3a6906a6-89fa-4af4-852b-0ea728338572","Security","HH-EmraldX-AAD-EMEA-ElasticWorkwear_CZ05",,"False","10/09/2026 12:18:16 p. m.",
"19","HH-EmraldX-AAD-EMEA-ElasticWorkwear_CZ07","HH-EmraldX-AAD-EMEA-ElasticWorkwear_CZ07","1ce69bd7-5aef-4721-bc16-bd799d749949","Security","HH-EmraldX-AAD-EMEA-ElasticWorkwear_CZ07",,"False","04/08/2026 07:59:14 a. m.",
"19","HH-EmraldX-AAD-EMEA-ElasticWorkwear_CZ07","HH-EmraldX-AAD-EMEA-ElasticWorkwear_CZ07","7acd0cc9-b08f-47d4-8ced-6e967bb828e1","Security","HH-EmraldX-AAD-EMEA-ElasticWorkwear_CZ07",,"False","04/08/2026 07:59:14 a. m.",
"19","HH-EmraldX-AAD-EMEA-ElasticWorkwear_CZ07","HH-EmraldX-AAD-EMEA-ElasticWorkwear_CZ07","2f599fcf-2a48-4242-983f-e4113b0cf4ea","Security","HH-EmraldX-AAD-EMEA-ElasticWorkwear_CZ07",,"False","04/08/2026 07:59:16 a. m.",
"19","HH-EmraldX-AAD-EMEA-ElasticWorkwear_CZ07","HH-EmraldX-AAD-EMEA-ElasticWorkwear_CZ07","9bab7174-2a7f-4ef9-9b34-e7afa40cac91","Security","HH-EmraldX-AAD-EMEA-ElasticWorkwear_CZ07",,"False","10/09/2026 12:17:54 p. m.",
"20","HH-EmraldX-AAD-EMEA-ElasticWorkwear_CZ08","HH-EmraldX-AAD-EMEA-ElasticWorkwear_CZ08","814da7d9-e4ff-4f0e-bb76-9ee7c1b4e462","Security","HH-EmraldX-AAD-EMEA-ElasticWorkwear_CZ08",,"False","23/07/2026 11:02:34 a. m.",
"20","HH-EmraldX-AAD-EMEA-ElasticWorkwear_CZ08","HH-EmraldX-AAD-EMEA-ElasticWorkwear_CZ08","7fe722cf-ff9b-47c3-8b9b-0fba714b3102","Security","HH-EmraldX-AAD-EMEA-ElasticWorkwear_CZ08",,"False","10/09/2026 12:17:53 p. m.",
"21","HH-EmraldX-AAD-EMEA-ElasticWorkwear_CZ09","HH-EmraldX-AAD-EMEA-ElasticWorkwear_CZ09","ccaa2eaf-e855-4cec-9075-e15f7458bd2b","Security","HH-EmraldX-AAD-EMEA-ElasticWorkwear_CZ09",,"False","23/07/2026 11:02:34 a. m.",
"21","HH-EmraldX-AAD-EMEA-ElasticWorkwear_CZ09","HH-EmraldX-AAD-EMEA-ElasticWorkwear_CZ09","d01884bb-083a-416e-912b-83ce902dd2c4","Security","HH-EmraldX-AAD-EMEA-ElasticWorkwear_CZ09",,"False","10/09/2026 12:17:53 p. m.",
"22","HH-EmraldX-AAD-EMEA-ElasticWorkwear_CZ98","HH-EmraldX-AAD-EMEA-ElasticWorkwear_CZ98","2e3383c4-dfc1-45e2-be12-ed8b653626b2","Security","HH-EmraldX-AAD-EMEA-ElasticWorkwear_CZ98",,"False","23/07/2026 11:02:34 a. m.",
"22","HH-EmraldX-AAD-EMEA-ElasticWorkwear_CZ98","HH-EmraldX-AAD-EMEA-ElasticWorkwear_CZ98","9e215c75-f6b0-48b8-94b6-c9f6abf555ad","Security","HH-EmraldX-AAD-EMEA-ElasticWorkwear_CZ98",,"False","10/09/2026 12:17:53 p. m.",
"23","HH-EmraldX-AAD-EMEA-ElasticWorkwear_CZ99","HH-EmraldX-AAD-EMEA-ElasticWorkwear_CZ99","45d4833e-a882-4aeb-9abd-b37306b75d71","Security","HH-EmraldX-AAD-EMEA-ElasticWorkwear_CZ99",,"False","23/07/2026 11:03:07 a. m.",
"23","HH-EmraldX-AAD-EMEA-ElasticWorkwear_CZ99","HH-EmraldX-AAD-EMEA-ElasticWorkwear_CZ99","af5606c2-d120-4314-9545-8eda29616922","Security","HH-EmraldX-AAD-EMEA-ElasticWorkwear_CZ99",,"False","10/09/2026 12:17:54 p. m.",
"24","HH-EmraldX-AAD-EMEA-ElasticWorkwear_DE12","HH-EmraldX-AAD-EMEA-ElasticWorkwear_DE12","ea0f7b0b-0acd-400a-aaad-c3791ec5fe53","Security","HH-EmraldX-AAD-EMEA-ElasticWorkwear_DE12",,"False","23/07/2026 11:02:35 a. m.",
"24","HH-EmraldX-AAD-EMEA-ElasticWorkwear_DE12","HH-EmraldX-AAD-EMEA-ElasticWorkwear_DE12","e1bdc456-4f18-47c8-ba7c-67b802258dd5","Security","HH-EmraldX-AAD-EMEA-ElasticWorkwear_DE12",,"False","10/09/2026 12:17:51 p. m.",
"25","HH-EmraldX-AAD-EMEA-ElasticWorkwear_DE18","HH-EmraldX-AAD-EMEA-ElasticWorkwear_DE18","fce9bf89-8d3f-4450-92c4-b3bcaf9a4e95","Security","HH-EmraldX-AAD-EMEA-ElasticWorkwear_DE18",,"False","23/07/2026 11:02:35 a. m.",
"25","HH-EmraldX-AAD-EMEA-ElasticWorkwear_DE18","HH-EmraldX-AAD-EMEA-ElasticWorkwear_DE18","4e9a9608-84c9-4162-ac08-23136933c452","Security","HH-EmraldX-AAD-EMEA-ElasticWorkwear_DE18",,"False","10/09/2026 12:17:51 p. m.",
"26","HH-EmraldX-AAD-EMEA-ElasticWorkwear_DE31","HH-EmraldX-AAD-EMEA-ElasticWorkwear_DE31","e19c685a-b4f7-45c2-83e0-1a43cbbb83ec","Security","HH-EmraldX-AAD-EMEA-ElasticWorkwear_DE31",,"False","23/07/2026 11:02:36 a. m.",
"26","HH-EmraldX-AAD-EMEA-ElasticWorkwear_DE31","HH-EmraldX-AAD-EMEA-ElasticWorkwear_DE31","e089ccfc-a00d-4581-a38b-471495a372ad","Security","HH-EmraldX-AAD-EMEA-ElasticWorkwear_DE31",,"False","10/09/2026 12:17:52 p. m.",
"27","HH-EmraldX-AAD-EMEA-ElasticWorkwear_DE37","HH-EmraldX-AAD-EMEA-ElasticWorkwear_DE37","d7c2402b-f6d3-40f1-8823-922a921d4113","Security","HH-EmraldX-AAD-EMEA-ElasticWorkwear_DE37",,"False","23/07/2026 11:02:36 a. m.",
"27","HH-EmraldX-AAD-EMEA-ElasticWorkwear_DE37","HH-EmraldX-AAD-EMEA-ElasticWorkwear_DE37","ce782f52-8470-458c-adca-a9aeaa78245a","Security","HH-EmraldX-AAD-EMEA-ElasticWorkwear_DE37",,"False","10/09/2026 12:17:52 p. m.",
"28","HH-EmraldX-AAD-EMEA-ElasticWorkwear_DE98","HH-EmraldX-AAD-EMEA-ElasticWorkwear_DE98","46e1f2e6-ced9-4a8a-95a3-210a16ce8044","Security","HH-EmraldX-AAD-EMEA-ElasticWorkwear_DE98",,"False","23/07/2026 11:02:36 a. m.",
"28","HH-EmraldX-AAD-EMEA-ElasticWorkwear_DE98","HH-EmraldX-AAD-EMEA-ElasticWorkwear_DE98","4814a348-86fd-4b73-91ee-3fc5471ff0fa","Security","HH-EmraldX-AAD-EMEA-ElasticWorkwear_DE98",,"False","10/09/2026 12:17:52 p. m.",
"29","HH-EmraldX-AAD-EMEA-ElasticWorkwear_DK09","HH-EmraldX-AAD-EMEA-ElasticWorkwear_DK09","31059ea0-228b-46b2-b1cd-1271e8ba5c58","Security","HH-EmraldX-AAD-EMEA-ElasticWorkwear_DK09",,"False","23/07/2026 11:02:37 a. m.",
"29","HH-EmraldX-AAD-EMEA-ElasticWorkwear_DK09","HH-EmraldX-AAD-EMEA-ElasticWorkwear_DK09","9720a7f5-4c74-410e-8ad6-4e85e59e7f3c","Security","HH-EmraldX-AAD-EMEA-ElasticWorkwear_DK09",,"False","10/09/2026 12:18:11 p. m.",
"30","HH-EmraldX-AAD-EMEA-ElasticWorkwear_DK15","HH-EmraldX-AAD-EMEA-ElasticWorkwear_DK15","afa97e9d-260a-42ca-b65c-4c8837b74875","Security","HH-EmraldX-AAD-EMEA-ElasticWorkwear_DK15",,"False","23/07/2026 11:02:38 a. m.",
"30","HH-EmraldX-AAD-EMEA-ElasticWorkwear_DK15","HH-EmraldX-AAD-EMEA-ElasticWorkwear_DK15","d88b2496-e795-4161-a05a-b6b33aa5c3d0","Security","HH-EmraldX-AAD-EMEA-ElasticWorkwear_DK15",,"False","10/09/2026 12:18:11 p. m.",
"31","HH-EmraldX-AAD-EMEA-ElasticWorkwear_DK16","HH-EmraldX-AAD-EMEA-ElasticWorkwear_DK16","21b8ffab-6b6a-4667-ba10-e1461b73545d","Security","HH-EmraldX-AAD-EMEA-ElasticWorkwear_DK16",,"False","23/07/2026 11:02:38 a. m.",
"31","HH-EmraldX-AAD-EMEA-ElasticWorkwear_DK16","HH-EmraldX-AAD-EMEA-ElasticWorkwear_DK16","6d054a1d-8a9b-4b03-a0f2-84443500017c","Security","HH-EmraldX-AAD-EMEA-ElasticWorkwear_DK16",,"False","10/09/2026 12:18:12 p. m.",
"32","HH-EmraldX-AAD-EMEA-ElasticWorkwear_DK98","HH-EmraldX-AAD-EMEA-ElasticWorkwear_DK98","c0626d41-b1e8-4a4e-b189-80a1ff422dc5","Security","HH-EmraldX-AAD-EMEA-ElasticWorkwear_DK98",,"False","23/07/2026 11:02:38 a. m.",
"32","HH-EmraldX-AAD-EMEA-ElasticWorkwear_DK98","HH-EmraldX-AAD-EMEA-ElasticWorkwear_DK98","05897674-fdc2-4256-9727-62fec3f9f93e","Security","HH-EmraldX-AAD-EMEA-ElasticWorkwear_DK98",,"False","10/09/2026 12:18:12 p. m.",
"33","HH-EmraldX-AAD-EMEA-ElasticWorkwear_DK99","HH-EmraldX-AAD-EMEA-ElasticWorkwear_DK99","0e5537f5-d823-4d15-be0a-51291cedb716","Security","HH-EmraldX-AAD-EMEA-ElasticWorkwear_DK99",,"False","23/07/2026 11:03:06 a. m.",
"33","HH-EmraldX-AAD-EMEA-ElasticWorkwear_DK99","HH-EmraldX-AAD-EMEA-ElasticWorkwear_DK99","c7ad3114-d931-4226-97f7-9f686d616ffa","Security","HH-EmraldX-AAD-EMEA-ElasticWorkwear_DK99",,"False","10/09/2026 12:18:12 p. m.",
"34","HH-EmraldX-AAD-EMEA-ElasticWorkwear_ES15","HH-EmraldX-AAD-EMEA-ElasticWorkwear_ES15","b147937f-b89a-4520-ade2-e13ab05e618b","Security","HH-EmraldX-AAD-EMEA-ElasticWorkwear_ES15",,"False","04/08/2026 07:59:16 a. m.",
"34","HH-EmraldX-AAD-EMEA-ElasticWorkwear_ES15","HH-EmraldX-AAD-EMEA-ElasticWorkwear_ES15","3696f7d3-0102-4157-870e-7758736bd6ae","Security","HH-EmraldX-AAD-EMEA-ElasticWorkwear_ES15",,"False","10/09/2026 12:18:16 p. m.",
"35","HH-EmraldX-AAD-EMEA-ElasticWorkwear_ES16","HH-EmraldX-AAD-EMEA-ElasticWorkwear_ES16","1e7df205-032f-49a7-83d5-f3a8ad7637ff","Security","HH-EmraldX-AAD-EMEA-ElasticWorkwear_ES16",,"False","23/07/2026 11:02:39 a. m.",
"35","HH-EmraldX-AAD-EMEA-ElasticWorkwear_ES16","HH-EmraldX-AAD-EMEA-ElasticWorkwear_ES16","5952cd4f-91f8-4697-8b32-6938971ca801","Security","HH-EmraldX-AAD-EMEA-ElasticWorkwear_ES16",,"False","10/09/2026 12:18:09 p. m.",
"36","HH-EmraldX-AAD-EMEA-ElasticWorkwear_ES17","HH-EmraldX-AAD-EMEA-ElasticWorkwear_ES17","cb6857bc-9bf8-497f-a6c8-dec5d4885009","Security","HH-EmraldX-AAD-EMEA-ElasticWorkwear_ES17",,"False","23/07/2026 11:02:39 a. m.",
"36","HH-EmraldX-AAD-EMEA-ElasticWorkwear_ES17","HH-EmraldX-AAD-EMEA-ElasticWorkwear_ES17","dbb9f697-2bf8-4593-a9dc-121f2f3a82a7","Security","HH-EmraldX-AAD-EMEA-ElasticWorkwear_ES17",,"False","10/09/2026 12:18:09 p. m.",
"37","HH-EmraldX-AAD-EMEA-ElasticWorkwear_ES19","HH-EmraldX-AAD-EMEA-ElasticWorkwear_ES19","250fb1a1-0e53-4df2-983d-bec60b5707dc","Security","HH-EmraldX-AAD-EMEA-ElasticWorkwear_ES19",,"False","23/07/2026 11:02:40 a. m.",
"37","HH-EmraldX-AAD-EMEA-ElasticWorkwear_ES19","HH-EmraldX-AAD-EMEA-ElasticWorkwear_ES19","daa823f9-3c62-43fc-9f30-87245623a8a3","Security","HH-EmraldX-AAD-EMEA-ElasticWorkwear_ES19",,"False","10/09/2026 12:18:09 p. m.",
"38","HH-EmraldX-AAD-EMEA-ElasticWorkwear_ES22","HH-EmraldX-AAD-EMEA-ElasticWorkwear_ES22","9a044061-e07f-44ab-a35b-eed1a698eb37","Security","HH-EmraldX-AAD-EMEA-ElasticWorkwear_ES22",,"False","04/08/2026 07:59:16 a. m.",
"38","HH-EmraldX-AAD-EMEA-ElasticWorkwear_ES22","HH-EmraldX-AAD-EMEA-ElasticWorkwear_ES22","d7173361-2ddc-444c-aaf2-e733a890676c","Security","HH-EmraldX-AAD-EMEA-ElasticWorkwear_ES22",,"False","10/09/2026 12:18:16 p. m.",
"39","HH-EmraldX-AAD-EMEA-ElasticWorkwear_ES24","HH-EmraldX-AAD-EMEA-ElasticWorkwear_ES24","2de3adbe-4192-49ad-bec2-5c30c404a0ff","Security","HH-EmraldX-AAD-EMEA-ElasticWorkwear_ES24",,"False","04/08/2026 07:59:17 a. m.",
"39","HH-EmraldX-AAD-EMEA-ElasticWorkwear_ES24","HH-EmraldX-AAD-EMEA-ElasticWorkwear_ES24","f75d9b1c-db0d-47c5-b535-2b1574942177","Security","HH-EmraldX-AAD-EMEA-ElasticWorkwear_ES24",,"False","10/09/2026 12:18:16 p. m.",
"40","HH-EmraldX-AAD-EMEA-ElasticWorkwear_ES27","HH-EmraldX-AAD-EMEA-ElasticWorkwear_ES27","54a2d215-de13-46c6-9387-e55a98ca900b","Security","HH-EmraldX-AAD-EMEA-ElasticWorkwear_ES27",,"False","23/07/2026 11:02:40 a. m.",
"40","HH-EmraldX-AAD-EMEA-ElasticWorkwear_ES27","HH-EmraldX-AAD-EMEA-ElasticWorkwear_ES27","43202ebb-286e-42e3-b376-185a4d1de6d1","Security","HH-EmraldX-AAD-EMEA-ElasticWorkwear_ES27",,"False","10/09/2026 12:18:10 p. m.",
"41","HH-EmraldX-AAD-EMEA-ElasticWorkwear_ES34","HH-EmraldX-AAD-EMEA-ElasticWorkwear_ES34","b03ded5e-7147-453e-9ae4-07726c2788db","Security","HH-EmraldX-AAD-EMEA-ElasticWorkwear_ES34",,"False","23/07/2026 11:02:40 a. m.",
"41","HH-EmraldX-AAD-EMEA-ElasticWorkwear_ES34","HH-EmraldX-AAD-EMEA-ElasticWorkwear_ES34","51077338-6438-4639-a1cb-451ce9d11f54","Security","HH-EmraldX-AAD-EMEA-ElasticWorkwear_ES34",,"False","10/09/2026 12:18:10 p. m.",
"42","HH-EmraldX-AAD-EMEA-ElasticWorkwear_ES35","HH-EmraldX-AAD-EMEA-ElasticWorkwear_ES35","9258a4ca-c9e8-4f1b-9d76-5952b7ccd1a5","Security","HH-EmraldX-AAD-EMEA-ElasticWorkwear_ES35",,"False","23/07/2026 11:02:40 a. m.",
"42","HH-EmraldX-AAD-EMEA-ElasticWorkwear_ES35","HH-EmraldX-AAD-EMEA-ElasticWorkwear_ES35","3f45e514-81b2-40f4-8cee-52ffee17abf3","Security","HH-EmraldX-AAD-EMEA-ElasticWorkwear_ES35",,"False","10/09/2026 12:18:10 p. m.",
"43","HH-EmraldX-AAD-EMEA-ElasticWorkwear_ES38","HH-EmraldX-AAD-EMEA-ElasticWorkwear_ES38","15e4072b-9e8a-49dd-a54f-234c97169915","Security","HH-EmraldX-AAD-EMEA-ElasticWorkwear_ES38",,"False","23/07/2026 11:02:41 a. m.",
"43","HH-EmraldX-AAD-EMEA-ElasticWorkwear_ES38","HH-EmraldX-AAD-EMEA-ElasticWorkwear_ES38","abac3994-19af-409f-bcfc-70967864b766","Security","HH-EmraldX-AAD-EMEA-ElasticWorkwear_ES38",,"False","10/09/2026 12:18:10 p. m.",
"44","HH-EmraldX-AAD-EMEA-ElasticWorkwear_ES98","HH-EmraldX-AAD-EMEA-ElasticWorkwear_ES98","44090d74-5d70-49bd-ac2d-63223113960e","Security","HH-EmraldX-AAD-EMEA-ElasticWorkwear_ES98",,"False","23/07/2026 11:02:41 a. m.",
"44","HH-EmraldX-AAD-EMEA-ElasticWorkwear_ES98","HH-EmraldX-AAD-EMEA-ElasticWorkwear_ES98","09f7ce58-bddf-491b-b1a6-069fe4504819","Security","HH-EmraldX-AAD-EMEA-ElasticWorkwear_ES98",,"False","10/09/2026 12:18:11 p. m.",
"45","HH-EmraldX-AAD-EMEA-ElasticWorkwear_ES99","HH-EmraldX-AAD-EMEA-ElasticWorkwear_ES99","b3785242-629f-4d10-a56a-d5568653bf8d","Security","HH-EmraldX-AAD-EMEA-ElasticWorkwear_ES99",,"False","23/07/2026 11:02:41 a. m.",
"45","HH-EmraldX-AAD-EMEA-ElasticWorkwear_ES99","HH-EmraldX-AAD-EMEA-ElasticWorkwear_ES99","d1f78f40-2e6c-4450-84b1-3a901dfb33ec","Security","HH-EmraldX-AAD-EMEA-ElasticWorkwear_ES99",,"False","10/09/2026 12:18:11 p. m.",
"46","HH-EmraldX-AAD-EMEA-ElasticWorkwear_FI05","HH-EmraldX-AAD-EMEA-ElasticWorkwear_FI05","5ea70aec-fe97-4190-81d5-d5f481fb1bf9","Security","HH-EmraldX-AAD-EMEA-ElasticWorkwear_FI05",,"False","04/08/2026 07:59:14 a. m.",
"46","HH-EmraldX-AAD-EMEA-ElasticWorkwear_FI05","HH-EmraldX-AAD-EMEA-ElasticWorkwear_FI05","10185cf8-a2b3-430e-9127-32fe2ee0c50f","Security","HH-EmraldX-AAD-EMEA-ElasticWorkwear_FI05",,"False","04/08/2026 07:59:16 a. m.",
"46","HH-EmraldX-AAD-EMEA-ElasticWorkwear_FI05","HH-EmraldX-AAD-EMEA-ElasticWorkwear_FI05","9c659609-e1f3-4b5a-8648-44b0886ae461","Security","HH-EmraldX-AAD-EMEA-ElasticWorkwear_FI05",,"False","04/08/2026 07:59:17 a. m.",
"46","HH-EmraldX-AAD-EMEA-ElasticWorkwear_FI05","HH-EmraldX-AAD-EMEA-ElasticWorkwear_FI05","15ed7f2b-5d5e-4d69-ada1-d19e16436ae1","Security","HH-EmraldX-AAD-EMEA-ElasticWorkwear_FI05",,"False","04/08/2026 07:59:18 a. m.",
"46","HH-EmraldX-AAD-EMEA-ElasticWorkwear_FI05","HH-EmraldX-AAD-EMEA-ElasticWorkwear_FI05","759cd61e-8bd0-4f92-90a3-2e7a859aec0f","Security","HH-EmraldX-AAD-EMEA-ElasticWorkwear_FI05",,"False","10/09/2026 12:18:15 p. m.",
"47","HH-EmraldX-AAD-EMEA-ElasticWorkwear_FI07","HH-EmraldX-AAD-EMEA-ElasticWorkwear_FI07","49252b6a-6db4-4542-aef8-a549450a92e2","Security","HH-EmraldX-AAD-EMEA-ElasticWorkwear_FI07",,"False","23/07/2026 11:02:42 a. m.",
"47","HH-EmraldX-AAD-EMEA-ElasticWorkwear_FI07","HH-EmraldX-AAD-EMEA-ElasticWorkwear_FI07","b7057a36-21aa-4344-b09b-ceec5a0838d4","Security","HH-EmraldX-AAD-EMEA-ElasticWorkwear_FI07",,"False","10/09/2026 12:17:50 p. m.",
"48","HH-EmraldX-AAD-EMEA-ElasticWorkwear_FI10","HH-EmraldX-AAD-EMEA-ElasticWorkwear_FI10","d0581414-db7e-47a0-9084-4c6026c7715d","Security","HH-EmraldX-AAD-EMEA-ElasticWorkwear_FI10",,"False","23/07/2026 11:02:42 a. m.",
"48","HH-EmraldX-AAD-EMEA-ElasticWorkwear_FI10","HH-EmraldX-AAD-EMEA-ElasticWorkwear_FI10","ef0e3c66-2573-4945-ad46-4b02a21288f9","Security","HH-EmraldX-AAD-EMEA-ElasticWorkwear_FI10",,"False","10/09/2026 12:17:50 p. m.",
"49","HH-EmraldX-AAD-EMEA-ElasticWorkwear_FI11","HH-EmraldX-AAD-EMEA-ElasticWorkwear_FI11","2d3ba035-4fbb-497f-9da4-1998e9e3962f","Security","HH-EmraldX-AAD-EMEA-ElasticWorkwear_FI11",,"False","23/07/2026 11:02:42 a. m.",
"49","HH-EmraldX-AAD-EMEA-ElasticWorkwear_FI11","HH-EmraldX-AAD-EMEA-ElasticWorkwear_FI11","b3deb151-9b7d-4ec1-89aa-49348920576e","Security","HH-EmraldX-AAD-EMEA-ElasticWorkwear_FI11",,"False","10/09/2026 12:17:50 p. m.",
"50","HH-EmraldX-AAD-EMEA-ElasticWorkwear_FI12","HH-EmraldX-AAD-EMEA-ElasticWorkwear_FI12","2d643f81-d195-4eff-ac60-c00300cedba9","Security","HH-EmraldX-AAD-EMEA-ElasticWorkwear_FI12",,"False","23/07/2026 11:02:43 a. m.",
"50","HH-EmraldX-AAD-EMEA-ElasticWorkwear_FI12","HH-EmraldX-AAD-EMEA-ElasticWorkwear_FI12","082ebc97-4f69-4af9-a37a-3d4a9a572348","Security","HH-EmraldX-AAD-EMEA-ElasticWorkwear_FI12",,"False","10/09/2026 12:17:50 p. m.",
"51","HH-EmraldX-AAD-EMEA-ElasticWorkwear_FI98","HH-EmraldX-AAD-EMEA-ElasticWorkwear_FI98","e577f629-c5be-4366-bd4f-b2fded9b6229","Security","HH-EmraldX-AAD-EMEA-ElasticWorkwear_FI98",,"False","23/07/2026 11:02:43 a. m.",
"51","HH-EmraldX-AAD-EMEA-ElasticWorkwear_FI98","HH-EmraldX-AAD-EMEA-ElasticWorkwear_FI98","83a4493b-51e7-48f6-a833-8e8cad80f954","Security","HH-EmraldX-AAD-EMEA-ElasticWorkwear_FI98",,"False","10/09/2026 12:17:51 p. m.",
"52","HH-EmraldX-AAD-EMEA-ElasticWorkwear_FI99","HH-EmraldX-AAD-EMEA-ElasticWorkwear_FI99","d895c09c-c66d-427b-837d-16af90cffaa3","Security","HH-EmraldX-AAD-EMEA-ElasticWorkwear_FI99",,"False","23/07/2026 11:02:43 a. m.",
"52","HH-EmraldX-AAD-EMEA-ElasticWorkwear_FI99","HH-EmraldX-AAD-EMEA-ElasticWorkwear_FI99","ba61fbfb-d6b1-44f6-832f-dbca38ce38b6","Security","HH-EmraldX-AAD-EMEA-ElasticWorkwear_FI99",,"False","10/09/2026 12:17:51 p. m.",
"53","HH-EmraldX-AAD-EMEA-ElasticWorkwear_FR15","HH-EmraldX-AAD-EMEA-ElasticWorkwear_FR15","d49704d0-6301-47fe-a309-5c9347afa05f","Security","HH-EmraldX-AAD-EMEA-ElasticWorkwear_FR15",,"False","23/07/2026 11:02:44 a. m.",
"53","HH-EmraldX-AAD-EMEA-ElasticWorkwear_FR15","HH-EmraldX-AAD-EMEA-ElasticWorkwear_FR15","7c8ebf9c-333d-4dc0-91b2-05a6c5c44df8","Security","HH-EmraldX-AAD-EMEA-ElasticWorkwear_FR15",,"False","10/09/2026 12:17:57 p. m.",
"54","HH-EmraldX-AAD-EMEA-ElasticWorkwear_FR23","HH-EmraldX-AAD-EMEA-ElasticWorkwear_FR23","7db6fbca-2d14-41da-b2a0-b2525e7c57ff","Security","HH-EmraldX-AAD-EMEA-ElasticWorkwear_FR23",,"False","23/07/2026 11:02:44 a. m.",
"54","HH-EmraldX-AAD-EMEA-ElasticWorkwear_FR23","HH-EmraldX-AAD-EMEA-ElasticWorkwear_FR23","29a51c95-7a47-4458-ac61-f2639a17fec9","Security","HH-EmraldX-AAD-EMEA-ElasticWorkwear_FR23",,"False","10/09/2026 12:17:57 p. m.",
"55","HH-EmraldX-AAD-EMEA-ElasticWorkwear_FR24","HH-EmraldX-AAD-EMEA-ElasticWorkwear_FR24","8756dbd7-63bf-4964-8098-57440426a4c8","Security","HH-EmraldX-AAD-EMEA-ElasticWorkwear_FR24",,"False","23/07/2026 11:02:44 a. m.",
"55","HH-EmraldX-AAD-EMEA-ElasticWorkwear_FR24","HH-EmraldX-AAD-EMEA-ElasticWorkwear_FR24","17f56ed0-c558-47c6-9216-f74a1e679c9c","Security","HH-EmraldX-AAD-EMEA-ElasticWorkwear_FR24",,"False","10/09/2026 12:17:58 p. m.",
"56","HH-EmraldX-AAD-EMEA-ElasticWorkwear_FR29","HH-EmraldX-AAD-EMEA-ElasticWorkwear_FR29","0ba2a76d-5caf-4de5-9447-b825da8f1419","Security","HH-EmraldX-AAD-EMEA-ElasticWorkwear_FR29",,"False","23/07/2026 11:02:45 a. m.",
"56","HH-EmraldX-AAD-EMEA-ElasticWorkwear_FR29","HH-EmraldX-AAD-EMEA-ElasticWorkwear_FR29","ecc58af5-8801-4a7b-99df-79a843c1fc89","Security","HH-EmraldX-AAD-EMEA-ElasticWorkwear_FR29",,"False","10/09/2026 12:17:58 p. m.",
"57","HH-EmraldX-AAD-EMEA-ElasticWorkwear_FR32","HH-EmraldX-AAD-EMEA-ElasticWorkwear_FR32","36e0a940-fd9d-4160-89e6-dd8e9a9f45b0","Security","HH-EmraldX-AAD-EMEA-ElasticWorkwear_FR32",,"False","23/07/2026 11:02:45 a. m.",
"57","HH-EmraldX-AAD-EMEA-ElasticWorkwear_FR32","HH-EmraldX-AAD-EMEA-ElasticWorkwear_FR32","e12cfdf8-9f1d-4c0c-8072-216a841f9b3a","Security","HH-EmraldX-AAD-EMEA-ElasticWorkwear_FR32",,"False","10/09/2026 12:17:58 p. m.",
"58","HH-EmraldX-AAD-EMEA-ElasticWorkwear_FR33","HH-EmraldX-AAD-EMEA-ElasticWorkwear_FR33","b41eb430-7358-4af2-8101-43c015842224","Security","HH-EmraldX-AAD-EMEA-ElasticWorkwear_FR33",,"False","23/07/2026 11:02:45 a. m.",
"58","HH-EmraldX-AAD-EMEA-ElasticWorkwear_FR33","HH-EmraldX-AAD-EMEA-ElasticWorkwear_FR33","cff6a766-f5de-49dd-a5cd-d40102302a53","Security","HH-EmraldX-AAD-EMEA-ElasticWorkwear_FR33",,"False","10/09/2026 12:17:58 p. m.",
"59","HH-EmraldX-AAD-EMEA-ElasticWorkwear_FR98","HH-EmraldX-AAD-EMEA-ElasticWorkwear_FR98","052ab50d-f145-4c36-9760-643f2dce9fbf","Security","HH-EmraldX-AAD-EMEA-ElasticWorkwear_FR98",,"False","23/07/2026 11:02:46 a. m.",
"59","HH-EmraldX-AAD-EMEA-ElasticWorkwear_FR98","HH-EmraldX-AAD-EMEA-ElasticWorkwear_FR98","df68e133-05e3-4769-a41e-749a3b86a6ca","Security","HH-EmraldX-AAD-EMEA-ElasticWorkwear_FR98",,"False","10/09/2026 12:17:59 p. m.",
"60","HH-EmraldX-AAD-EMEA-ElasticWorkwear_FR99","HH-EmraldX-AAD-EMEA-ElasticWorkwear_FR99","76713dd7-560b-4804-a7fc-844e8d5c3f3a","Security","HH-EmraldX-AAD-EMEA-ElasticWorkwear_FR99",,"False","23/07/2026 11:02:46 a. m.",
"60","HH-EmraldX-AAD-EMEA-ElasticWorkwear_FR99","HH-EmraldX-AAD-EMEA-ElasticWorkwear_FR99","d2b760e1-592f-49ea-aba6-be9499095be7","Security","HH-EmraldX-AAD-EMEA-ElasticWorkwear_FR99",,"False","10/09/2026 12:17:59 p. m.",
"61","HH-EmraldX-AAD-EMEA-ElasticWorkwear_HU01","HH-EmraldX-AAD-EMEA-ElasticWorkwear_HU01","d9fe6a61-3a27-4054-95b3-8cdf7da430a1","Security","HH-EmraldX-AAD-EMEA-ElasticWorkwear_HU01",,"False","23/07/2026 11:02:46 a. m.",
"61","HH-EmraldX-AAD-EMEA-ElasticWorkwear_HU01","HH-EmraldX-AAD-EMEA-ElasticWorkwear_HU01","7f096b7e-678a-4ce3-bf4e-e3df13072770","Security","HH-EmraldX-AAD-EMEA-ElasticWorkwear_HU01",,"False","10/09/2026 12:18:08 p. m.",
"62","HH-EmraldX-AAD-EMEA-ElasticWorkwear_HU12","HH-EmraldX-AAD-EMEA-ElasticWorkwear_HU12","2e2802c6-bc36-4c64-a86d-9126babf7bde","Security","HH-EmraldX-AAD-EMEA-ElasticWorkwear_HU12",,"False","23/07/2026 11:02:47 a. m.",
"62","HH-EmraldX-AAD-EMEA-ElasticWorkwear_HU12","HH-EmraldX-AAD-EMEA-ElasticWorkwear_HU12","433af3e6-308d-4d59-905b-2c66f723622e","Security","HH-EmraldX-AAD-EMEA-ElasticWorkwear_HU12",,"False","10/09/2026 12:18:08 p. m.",
"63","HH-EmraldX-AAD-EMEA-ElasticWorkwear_HU98","HH-EmraldX-AAD-EMEA-ElasticWorkwear_HU98","06974602-8337-491f-b5db-131abfe5face","Security","HH-EmraldX-AAD-EMEA-ElasticWorkwear_HU98",,"False","23/07/2026 11:02:47 a. m.",
"63","HH-EmraldX-AAD-EMEA-ElasticWorkwear_HU98","HH-EmraldX-AAD-EMEA-ElasticWorkwear_HU98","15bc231b-3092-4130-9255-b84058227236","Security","HH-EmraldX-AAD-EMEA-ElasticWorkwear_HU98",,"False","10/09/2026 12:18:08 p. m.",
"64","HH-EmraldX-AAD-EMEA-ElasticWorkwear_HU99","HH-EmraldX-AAD-EMEA-ElasticWorkwear_HU99","57144c87-2321-46dd-aae8-8faf5f85186a","Security","HH-EmraldX-AAD-EMEA-ElasticWorkwear_HU99",,"False","23/07/2026 11:02:47 a. m.",
"64","HH-EmraldX-AAD-EMEA-ElasticWorkwear_HU99","HH-EmraldX-AAD-EMEA-ElasticWorkwear_HU99","d987f80c-dffe-4834-b036-dd2081fe5b9c","Security","HH-EmraldX-AAD-EMEA-ElasticWorkwear_HU99",,"False","10/09/2026 12:18:09 p. m.",
"65","HH-EmraldX-AAD-EMEA-ElasticWorkwear_NL06","HH-EmraldX-AAD-EMEA-ElasticWorkwear_NL06","4b8983fd-6c39-473c-9071-5efbe844f008","Security","HH-EmraldX-AAD-EMEA-ElasticWorkwear_NL06",,"False","23/07/2026 11:02:50 a. m.",
"65","HH-EmraldX-AAD-EMEA-ElasticWorkwear_NL06","HH-EmraldX-AAD-EMEA-ElasticWorkwear_NL06","d57a5e22-926c-4bd0-aeb8-6657314e4a28","Security","HH-EmraldX-AAD-EMEA-ElasticWorkwear_NL06",,"False","10/09/2026 12:18:06 p. m.",
"66","HH-EmraldX-AAD-EMEA-ElasticWorkwear_NL11","HH-EmraldX-AAD-EMEA-ElasticWorkwear_NL11","d27c952a-6f3a-416c-98dd-d0e95b2b9a29","Security","HH-EmraldX-AAD-EMEA-ElasticWorkwear_NL11",,"False","23/07/2026 11:02:51 a. m.",
"66","HH-EmraldX-AAD-EMEA-ElasticWorkwear_NL11","HH-EmraldX-AAD-EMEA-ElasticWorkwear_NL11","7908d6f8-d00f-40ef-ad51-1b9590e87bbd","Security","HH-EmraldX-AAD-EMEA-ElasticWorkwear_NL11",,"False","10/09/2026 12:18:07 p. m.",
"67","HH-EmraldX-AAD-EMEA-ElasticWorkwear_NL16","HH-EmraldX-AAD-EMEA-ElasticWorkwear_NL16","3c1ec527-f372-47d3-9de7-09f7d92afb73","Security","HH-EmraldX-AAD-EMEA-ElasticWorkwear_NL16",,"False","23/07/2026 11:02:51 a. m.",
"67","HH-EmraldX-AAD-EMEA-ElasticWorkwear_NL16","HH-EmraldX-AAD-EMEA-ElasticWorkwear_NL16","03359146-519f-46f3-8c3a-45ec93b85cc5","Security","HH-EmraldX-AAD-EMEA-ElasticWorkwear_NL16",,"False","10/09/2026 12:18:07 p. m.",
"68","HH-EmraldX-AAD-EMEA-ElasticWorkwear_NL17","HH-EmraldX-AAD-EMEA-ElasticWorkwear_NL17","3192b7d4-e866-4223-ae50-75952148a486","Security","HH-EmraldX-AAD-EMEA-ElasticWorkwear_NL17",,"False","23/07/2026 11:02:51 a. m.",
"68","HH-EmraldX-AAD-EMEA-ElasticWorkwear_NL17","HH-EmraldX-AAD-EMEA-ElasticWorkwear_NL17","6ca87ddc-bcc9-44a7-bc52-4420954d6824","Security","HH-EmraldX-AAD-EMEA-ElasticWorkwear_NL17",,"False","10/09/2026 12:18:07 p. m.",
"69","HH-EmraldX-AAD-EMEA-ElasticWorkwear_NL99","HH-EmraldX-AAD-EMEA-ElasticWorkwear_NL99","27025fdb-8d01-4620-8690-cdf92bd91939","Security","HH-EmraldX-AAD-EMEA-ElasticWorkwear_NL99",,"False","23/07/2026 11:02:52 a. m.",
"69","HH-EmraldX-AAD-EMEA-ElasticWorkwear_NL99","HH-EmraldX-AAD-EMEA-ElasticWorkwear_NL99","3ffba096-d68c-4ace-baa3-7458ef637159","Security","HH-EmraldX-AAD-EMEA-ElasticWorkwear_NL99",,"False","10/09/2026 12:18:07 p. m.",
"70","HH-EmraldX-AAD-EMEA-ElasticWorkwear_NO47","HH-EmraldX-AAD-EMEA-ElasticWorkwear_NO47","c9320126-0bb8-456b-996b-0db72860738b","Security","HH-EmraldX-AAD-EMEA-ElasticWorkwear_NO47",,"False","23/07/2026 11:02:52 a. m.",
"70","HH-EmraldX-AAD-EMEA-ElasticWorkwear_NO47","HH-EmraldX-AAD-EMEA-ElasticWorkwear_NO47","42db1280-b4e7-497f-ba41-8ae1a2e275c3","Security","HH-EmraldX-AAD-EMEA-ElasticWorkwear_NO47",,"False","10/09/2026 12:18:04 p. m.",
"71","HH-EmraldX-AAD-EMEA-ElasticWorkwear_NO55","HH-EmraldX-AAD-EMEA-ElasticWorkwear_NO55","7d496ef5-b48d-4355-8195-414457e56cb9","Security","HH-EmraldX-AAD-EMEA-ElasticWorkwear_NO55",,"False","04/08/2026 07:59:18 a. m.",
"71","HH-EmraldX-AAD-EMEA-ElasticWorkwear_NO55","HH-EmraldX-AAD-EMEA-ElasticWorkwear_NO55","2556b6a0-e6e8-443a-8a37-b9fa9fa05fc9","Security","HH-EmraldX-AAD-EMEA-ElasticWorkwear_NO55",,"False","10/09/2026 12:18:17 p. m.",
"72","HH-EmraldX-AAD-EMEA-ElasticWorkwear_NO59","HH-EmraldX-AAD-EMEA-ElasticWorkwear_NO59","22f0255f-0fe1-4166-9d10-bf02b73595ec","Security","HH-EmraldX-AAD-EMEA-ElasticWorkwear_NO59",,"False","04/08/2026 07:59:15 a. m.",
"72","HH-EmraldX-AAD-EMEA-ElasticWorkwear_NO59","HH-EmraldX-AAD-EMEA-ElasticWorkwear_NO59","7ddec3ef-af47-4efd-8545-ac7a95f87da6","Security","HH-EmraldX-AAD-EMEA-ElasticWorkwear_NO59",,"False","04/08/2026 07:59:15 a. m.",
"72","HH-EmraldX-AAD-EMEA-ElasticWorkwear_NO59","HH-EmraldX-AAD-EMEA-ElasticWorkwear_NO59","24d74256-5c72-4aba-be6d-6c1000c459e1","Security","HH-EmraldX-AAD-EMEA-ElasticWorkwear_NO59",,"False","04/08/2026 07:59:17 a. m.",
"72","HH-EmraldX-AAD-EMEA-ElasticWorkwear_NO59","HH-EmraldX-AAD-EMEA-ElasticWorkwear_NO59","1785b8b6-19b9-4369-8346-ac575b09c903","Security","HH-EmraldX-AAD-EMEA-ElasticWorkwear_NO59",,"False","04/08/2026 07:59:18 a. m.",
"72","HH-EmraldX-AAD-EMEA-ElasticWorkwear_NO59","HH-EmraldX-AAD-EMEA-ElasticWorkwear_NO59","5f7f9ecd-7632-4eb9-8b69-88e386e9ef56","Security","HH-EmraldX-AAD-EMEA-ElasticWorkwear_NO59",,"False","10/09/2026 12:18:15 p. m.",
"73","HH-EmraldX-AAD-EMEA-ElasticWorkwear_NO62","HH-EmraldX-AAD-EMEA-ElasticWorkwear_NO62","cbaeef4e-ee93-4c97-a5e5-2cd3f5b584fe","Security","HH-EmraldX-AAD-EMEA-ElasticWorkwear_NO62",,"False","23/07/2026 11:02:53 a. m.",
"73","HH-EmraldX-AAD-EMEA-ElasticWorkwear_NO62","HH-EmraldX-AAD-EMEA-ElasticWorkwear_NO62","061535f9-fcc7-40e1-9b72-5e5e36c02ec0","Security","HH-EmraldX-AAD-EMEA-ElasticWorkwear_NO62",,"False","10/09/2026 12:18:04 p. m.",
"74","HH-EmraldX-AAD-EMEA-ElasticWorkwear_NO63","HH-EmraldX-AAD-EMEA-ElasticWorkwear_NO63","851356ee-13e0-4e23-9931-0ce6c92066f7","Security","HH-EmraldX-AAD-EMEA-ElasticWorkwear_NO63",,"False","23/07/2026 11:02:54 a. m.",
"74","HH-EmraldX-AAD-EMEA-ElasticWorkwear_NO63","HH-EmraldX-AAD-EMEA-ElasticWorkwear_NO63","fd6f7c42-44e6-4a0b-b81d-1b47d0aa65ce","Security","HH-EmraldX-AAD-EMEA-ElasticWorkwear_NO63",,"False","10/09/2026 12:18:04 p. m.",
"75","HH-EmraldX-AAD-EMEA-ElasticWorkwear_NO67","HH-EmraldX-AAD-EMEA-ElasticWorkwear_NO67","e848dca6-57b8-4dbd-b1a9-421c2f819637","Security","HH-EmraldX-AAD-EMEA-ElasticWorkwear_NO67",,"False","23/07/2026 11:02:54 a. m.",
"75","HH-EmraldX-AAD-EMEA-ElasticWorkwear_NO67","HH-EmraldX-AAD-EMEA-ElasticWorkwear_NO67","e5a13551-221d-4e99-9ee9-957879d17c54","Security","HH-EmraldX-AAD-EMEA-ElasticWorkwear_NO67",,"False","10/09/2026 12:18:04 p. m.",
"76","HH-EmraldX-AAD-EMEA-ElasticWorkwear_NO73","HH-EmraldX-AAD-EMEA-ElasticWorkwear_NO73","ecc6aed7-6255-4232-8548-ddd5cecd4487","Security","HH-EmraldX-AAD-EMEA-ElasticWorkwear_NO73",,"False","23/07/2026 11:02:54 a. m.",
"76","HH-EmraldX-AAD-EMEA-ElasticWorkwear_NO73","HH-EmraldX-AAD-EMEA-ElasticWorkwear_NO73","7c027a66-512f-4290-8e2a-7950c6432a24","Security","HH-EmraldX-AAD-EMEA-ElasticWorkwear_NO73",,"False","10/09/2026 12:18:05 p. m.",
"77","HH-EmraldX-AAD-EMEA-ElasticWorkwear_NO76","HH-EmraldX-AAD-EMEA-ElasticWorkwear_NO76","38c0c7be-7595-4abc-82c5-2116006ba4b7","Security","HH-EmraldX-AAD-EMEA-ElasticWorkwear_NO76",,"False","23/07/2026 11:02:54 a. m.",
"77","HH-EmraldX-AAD-EMEA-ElasticWorkwear_NO76","HH-EmraldX-AAD-EMEA-ElasticWorkwear_NO76","782bd850-db46-4c1e-adfe-be5ea1229a72","Security","HH-EmraldX-AAD-EMEA-ElasticWorkwear_NO76",,"False","10/09/2026 12:18:05 p. m.",
"78","HH-EmraldX-AAD-EMEA-ElasticWorkwear_NO78","HH-EmraldX-AAD-EMEA-ElasticWorkwear_NO78","ea8f1ff4-bd94-4bfc-9844-a3f3421023e5","Security","HH-EmraldX-AAD-EMEA-ElasticWorkwear_NO78",,"False","10/09/2026 12:17:49 p. m.",
"78","HH-EmraldX-AAD-EMEA-ElasticWorkwear_NO78","HH-EmraldX-AAD-EMEA-ElasticWorkwear_NO78","e172d1a3-7b67-4e72-86db-4c580d517a0c","Security","HH-EmraldX-AAD-EMEA-ElasticWorkwear_NO78",,"False","10/09/2026 12:18:05 p. m.",
"79","HH-EmraldX-AAD-EMEA-ElasticWorkwear_NO98","HH-EmraldX-AAD-EMEA-ElasticWorkwear_NO98","cb42894a-1c28-4f0d-891b-3956bf8a27b4","Security","HH-EmraldX-AAD-EMEA-ElasticWorkwear_NO98",,"False","23/07/2026 11:02:55 a. m.",
"79","HH-EmraldX-AAD-EMEA-ElasticWorkwear_NO98","HH-EmraldX-AAD-EMEA-ElasticWorkwear_NO98","1dc1618f-ffcb-45b4-a31d-c7e2796d2987","Security","HH-EmraldX-AAD-EMEA-ElasticWorkwear_NO98",,"False","10/09/2026 12:18:05 p. m.",
"80","HH-EmraldX-AAD-EMEA-ElasticWorkwear_NO99","HH-EmraldX-AAD-EMEA-ElasticWorkwear_NO99","9a353921-1e70-4967-9b56-f466462e9746","Security","HH-EmraldX-AAD-EMEA-ElasticWorkwear_NO99",,"False","23/07/2026 11:03:05 a. m.",
"80","HH-EmraldX-AAD-EMEA-ElasticWorkwear_NO99","HH-EmraldX-AAD-EMEA-ElasticWorkwear_NO99","fa4aa19c-ac64-432c-b7b8-c21f792bd2b4","Security","HH-EmraldX-AAD-EMEA-ElasticWorkwear_NO99",,"False","10/09/2026 12:18:06 p. m.",
"81","HH-EmraldX-AAD-EMEA-ElasticWorkwear_PL01","HH-EmraldX-AAD-EMEA-ElasticWorkwear_PL01","cf8ef859-e355-4eed-9dc7-59c19e25988c","Security","HH-EmraldX-AAD-EMEA-ElasticWorkwear_PL01",,"False","23/07/2026 11:02:55 a. m.",
"81","HH-EmraldX-AAD-EMEA-ElasticWorkwear_PL01","HH-EmraldX-AAD-EMEA-ElasticWorkwear_PL01","e2cd2c83-2ced-4420-9e19-34724c533e0f","Security","HH-EmraldX-AAD-EMEA-ElasticWorkwear_PL01",,"False","10/09/2026 12:18:02 p. m.",
"82","HH-EmraldX-AAD-EMEA-ElasticWorkwear_PL05","HH-EmraldX-AAD-EMEA-ElasticWorkwear_PL05","f1620756-4dd7-4475-913b-3e8f806e7cfb","Security","HH-EmraldX-AAD-EMEA-ElasticWorkwear_PL05",,"False","23/07/2026 11:02:55 a. m.",
"82","HH-EmraldX-AAD-EMEA-ElasticWorkwear_PL05","HH-EmraldX-AAD-EMEA-ElasticWorkwear_PL05","f998aaf3-59c2-4666-8a45-6bf750927596","Security","HH-EmraldX-AAD-EMEA-ElasticWorkwear_PL05",,"False","10/09/2026 12:18:02 p. m.",
"83","HH-EmraldX-AAD-EMEA-ElasticWorkwear_PL06","HH-EmraldX-AAD-EMEA-ElasticWorkwear_PL06","8759b2f4-bf24-4fca-ae84-bee5164144d9","Security","HH-EmraldX-AAD-EMEA-ElasticWorkwear_PL06",,"False","23/07/2026 11:02:56 a. m.",
"83","HH-EmraldX-AAD-EMEA-ElasticWorkwear_PL06","HH-EmraldX-AAD-EMEA-ElasticWorkwear_PL06","b3988ebf-3d0f-47bc-a88b-709295a12b25","Security","HH-EmraldX-AAD-EMEA-ElasticWorkwear_PL06",,"False","10/09/2026 12:18:03 p. m.",
"84","HH-EmraldX-AAD-EMEA-ElasticWorkwear_PL98","HH-EmraldX-AAD-EMEA-ElasticWorkwear_PL98","37c001c1-0080-4460-9402-b099c6c8feb6","Security","HH-EmraldX-AAD-EMEA-ElasticWorkwear_PL98",,"False","23/07/2026 11:02:56 a. m.",
"84","HH-EmraldX-AAD-EMEA-ElasticWorkwear_PL98","HH-EmraldX-AAD-EMEA-ElasticWorkwear_PL98","49b6a8bc-80d5-4e94-9f4f-b4c72ca0133b","Security","HH-EmraldX-AAD-EMEA-ElasticWorkwear_PL98",,"False","10/09/2026 12:18:03 p. m.",
"85","HH-EmraldX-AAD-EMEA-ElasticWorkwear_PL99","HH-EmraldX-AAD-EMEA-ElasticWorkwear_PL99","90d27f08-83f1-4ee6-bcd8-3e1f7c75fd0e","Security","HH-EmraldX-AAD-EMEA-ElasticWorkwear_PL99",,"False","23/07/2026 11:02:56 a. m.",
"85","HH-EmraldX-AAD-EMEA-ElasticWorkwear_PL99","HH-EmraldX-AAD-EMEA-ElasticWorkwear_PL99","28a3c032-e84a-48a3-9dbc-f0546a3f65ac","Security","HH-EmraldX-AAD-EMEA-ElasticWorkwear_PL99",,"False","10/09/2026 12:18:03 p. m.",
"86","HH-EmraldX-AAD-EMEA-ElasticWorkwear_SE10","HH-EmraldX-AAD-EMEA-ElasticWorkwear_SE10","b6665cba-9fbe-45ac-86f3-dce20f5e4f2d","Security","HH-EmraldX-AAD-EMEA-ElasticWorkwear_SE10",,"False","23/07/2026 11:02:56 a. m.",
"86","HH-EmraldX-AAD-EMEA-ElasticWorkwear_SE10","HH-EmraldX-AAD-EMEA-ElasticWorkwear_SE10","0fded7fb-e4ec-4214-9264-9ae6a047ef1e","Security","HH-EmraldX-AAD-EMEA-ElasticWorkwear_SE10",,"False","10/09/2026 12:17:59 p. m.",
"87","HH-EmraldX-AAD-EMEA-ElasticWorkwear_SE14","HH-EmraldX-AAD-EMEA-ElasticWorkwear_SE14","8d86c485-6b72-4ec9-b85e-00bf02ac4f50","Security","HH-EmraldX-AAD-EMEA-ElasticWorkwear_SE14",,"False","23/07/2026 11:02:57 a. m.",
"87","HH-EmraldX-AAD-EMEA-ElasticWorkwear_SE14","HH-EmraldX-AAD-EMEA-ElasticWorkwear_SE14","81a764a7-9004-4125-a386-fc90e7aafb83","Security","HH-EmraldX-AAD-EMEA-ElasticWorkwear_SE14",,"False","10/09/2026 12:18:00 p. m.",
"88","HH-EmraldX-AAD-EMEA-ElasticWorkwear_SE26","HH-EmraldX-AAD-EMEA-ElasticWorkwear_SE26","9c1f516a-10f5-4306-bfa1-588c2a68157e","Security","HH-EmraldX-AAD-EMEA-ElasticWorkwear_SE26",,"False","23/07/2026 11:02:58 a. m.",
"88","HH-EmraldX-AAD-EMEA-ElasticWorkwear_SE26","HH-EmraldX-AAD-EMEA-ElasticWorkwear_SE26","4729d888-e388-45c4-8099-ffa64cb7de78","Security","HH-EmraldX-AAD-EMEA-ElasticWorkwear_SE26",,"False","10/09/2026 12:18:00 p. m.",
"89","HH-EmraldX-AAD-EMEA-ElasticWorkwear_SE28","HH-EmraldX-AAD-EMEA-ElasticWorkwear_SE28","b28e745c-53d9-487b-8430-6185e132204b","Security","HH-EmraldX-AAD-EMEA-ElasticWorkwear_SE28",,"False","23/07/2026 11:02:58 a. m.",
"89","HH-EmraldX-AAD-EMEA-ElasticWorkwear_SE28","HH-EmraldX-AAD-EMEA-ElasticWorkwear_SE28","bbd2afe8-b288-482d-b886-aad1183f29e5","Security","HH-EmraldX-AAD-EMEA-ElasticWorkwear_SE28",,"False","10/09/2026 12:18:00 p. m.",
"90","HH-EmraldX-AAD-EMEA-ElasticWorkwear_SE32","HH-EmraldX-AAD-EMEA-ElasticWorkwear_SE32","cc177217-e0ed-4373-83a1-81e145a8be6e","Security","HH-EmraldX-AAD-EMEA-ElasticWorkwear_SE32",,"False","23/07/2026 11:02:58 a. m.",
"90","HH-EmraldX-AAD-EMEA-ElasticWorkwear_SE32","HH-EmraldX-AAD-EMEA-ElasticWorkwear_SE32","6b039f0a-642a-4c11-b8be-d3dfeb9be0bc","Security","HH-EmraldX-AAD-EMEA-ElasticWorkwear_SE32",,"False","10/09/2026 12:18:00 p. m.",
"91","HH-EmraldX-AAD-EMEA-ElasticWorkwear_SE33","HH-EmraldX-AAD-EMEA-ElasticWorkwear_SE33","38c18b29-fbd6-4593-97d8-72f27528671f","Security","HH-EmraldX-AAD-EMEA-ElasticWorkwear_SE33",,"False","23/07/2026 11:02:59 a. m.",
"91","HH-EmraldX-AAD-EMEA-ElasticWorkwear_SE33","HH-EmraldX-AAD-EMEA-ElasticWorkwear_SE33","c063b974-f7de-4426-a08d-ca722d3aa716","Security","HH-EmraldX-AAD-EMEA-ElasticWorkwear_SE33",,"False","10/09/2026 12:18:00 p. m.",
"92","HH-EmraldX-AAD-EMEA-ElasticWorkwear_SE34","HH-EmraldX-AAD-EMEA-ElasticWorkwear_SE34","8059b1cc-4eb0-4a2a-be2d-2e8f8970bfaf","Security","HH-EmraldX-AAD-EMEA-ElasticWorkwear_SE34",,"False","23/07/2026 11:02:59 a. m.",
"92","HH-EmraldX-AAD-EMEA-ElasticWorkwear_SE34","HH-EmraldX-AAD-EMEA-ElasticWorkwear_SE34","fa9344cc-d040-4c49-b05e-e32503aa0c3c","Security","HH-EmraldX-AAD-EMEA-ElasticWorkwear_SE34",,"False","10/09/2026 12:18:01 p. m.",
"93","HH-EmraldX-AAD-EMEA-ElasticWorkwear_SE35","HH-EmraldX-AAD-EMEA-ElasticWorkwear_SE35","c65b03f5-6fc5-401d-9a98-b6c570fd047a","Security","HH-EmraldX-AAD-EMEA-ElasticWorkwear_SE35",,"False","23/07/2026 11:02:59 a. m.",
"93","HH-EmraldX-AAD-EMEA-ElasticWorkwear_SE35","HH-EmraldX-AAD-EMEA-ElasticWorkwear_SE35","6c31d11f-6c12-4f90-826b-d53aac3fd0e6","Security","HH-EmraldX-AAD-EMEA-ElasticWorkwear_SE35",,"False","10/09/2026 12:18:01 p. m.",
"94","HH-EmraldX-AAD-EMEA-ElasticWorkwear_SE98","HH-EmraldX-AAD-EMEA-ElasticWorkwear_SE98","af979b4d-d58e-4b6e-9212-352261ad278d","Security","HH-EmraldX-AAD-EMEA-ElasticWorkwear_SE98",,"False","23/07/2026 11:02:59 a. m.",
"94","HH-EmraldX-AAD-EMEA-ElasticWorkwear_SE98","HH-EmraldX-AAD-EMEA-ElasticWorkwear_SE98","b29b2738-5b06-452c-8bed-ceabaf3d8d07","Security","HH-EmraldX-AAD-EMEA-ElasticWorkwear_SE98",,"False","10/09/2026 12:18:02 p. m.",
"95","HH-EmraldX-AAD-EMEA-ElasticWorkwear_SE99","HH-EmraldX-AAD-EMEA-ElasticWorkwear_SE99","952dca32-c1d2-4461-9ece-bbbd3a1a9519","Security","HH-EmraldX-AAD-EMEA-ElasticWorkwear_SE99",,"False","23/07/2026 11:03:00 a. m.",
"95","HH-EmraldX-AAD-EMEA-ElasticWorkwear_SE99","HH-EmraldX-AAD-EMEA-ElasticWorkwear_SE99","7ff698be-3805-4689-9e44-ed47d24534ef","Security","HH-EmraldX-AAD-EMEA-ElasticWorkwear_SE99",,"False","10/09/2026 12:18:02 p. m.",
"96","HH-EmraldX-AAD-EMEA-ElasticWorkwear_UK17","HH-EmraldX-AAD-EMEA-ElasticWorkwear_UK17","efce8ee3-7cb5-4953-8c9b-78fad078e317","Security","HH-EmraldX-AAD-EMEA-ElasticWorkwear_UK17",,"False","23/07/2026 11:03:01 a. m.",
"96","HH-EmraldX-AAD-EMEA-ElasticWorkwear_UK17","HH-EmraldX-AAD-EMEA-ElasticWorkwear_UK17","0219cc58-f0db-41cd-8af0-cc8e00a1449e","Security","HH-EmraldX-AAD-EMEA-ElasticWorkwear_UK17",,"False","10/09/2026 12:17:54 p. m.",
"97","HH-EmraldX-AAD-EMEA-ElasticWorkwear_UK18","HH-EmraldX-AAD-EMEA-ElasticWorkwear_UK18","f42bdc28-c67e-4108-b490-bdac58b100ff","Security","HH-EmraldX-AAD-EMEA-ElasticWorkwear_UK18",,"False","23/07/2026 11:03:01 a. m.",
"97","HH-EmraldX-AAD-EMEA-ElasticWorkwear_UK18","HH-EmraldX-AAD-EMEA-ElasticWorkwear_UK18","dc612ee5-4124-4cff-a69c-8e1c92ac3d5d","Security","HH-EmraldX-AAD-EMEA-ElasticWorkwear_UK18",,"False","10/09/2026 12:17:55 p. m.",
"98","HH-EmraldX-AAD-EMEA-ElasticWorkwear_UK33","HH-EmraldX-AAD-EMEA-ElasticWorkwear_UK33","de75bc59-2ef0-46b7-9adb-e5abe2ed3ed0","Security","HH-EmraldX-AAD-EMEA-ElasticWorkwear_UK33",,"False","23/07/2026 11:03:02 a. m.",
"98","HH-EmraldX-AAD-EMEA-ElasticWorkwear_UK33","HH-EmraldX-AAD-EMEA-ElasticWorkwear_UK33","d1f9b1ae-843c-4fdc-acba-82cfa4d63464","Security","HH-EmraldX-AAD-EMEA-ElasticWorkwear_UK33",,"False","10/09/2026 12:17:55 p. m.",
"99","HH-EmraldX-AAD-EMEA-ElasticWorkwear_UK34","HH-EmraldX-AAD-EMEA-ElasticWorkwear_UK34","841e1aeb-eadd-4179-8a51-d069f5e2990c","Security","HH-EmraldX-AAD-EMEA-ElasticWorkwear_UK34",,"False","23/07/2026 11:03:02 a. m.",
"99","HH-EmraldX-AAD-EMEA-ElasticWorkwear_UK34","HH-EmraldX-AAD-EMEA-ElasticWorkwear_UK34","cde66818-7952-41a9-a4b1-deebc8c85f02","Security","HH-EmraldX-AAD-EMEA-ElasticWorkwear_UK34",,"False","10/09/2026 12:17:55 p. m.",
"100","HH-EmraldX-AAD-EMEA-ElasticWorkwear_UK37","HH-EmraldX-AAD-EMEA-ElasticWorkwear_UK37","b9cc1b26-5769-4839-91ec-e2c96f03d8ef","Security","HH-EmraldX-AAD-EMEA-ElasticWorkwear_UK37",,"False","23/07/2026 11:03:03 a. m.",
"100","HH-EmraldX-AAD-EMEA-ElasticWorkwear_UK37","HH-EmraldX-AAD-EMEA-ElasticWorkwear_UK37","859680db-1fda-4109-a817-10855cb6d73f","Security","HH-EmraldX-AAD-EMEA-ElasticWorkwear_UK37",,"False","10/09/2026 12:17:55 p. m.",
"101","HH-EmraldX-AAD-EMEA-ElasticWorkwear_UK39","HH-EmraldX-AAD-EMEA-ElasticWorkwear_UK39","4166c449-0f8d-4a15-a7df-0edd16fe2c73","Security","HH-EmraldX-AAD-EMEA-ElasticWorkwear_UK39",,"False","23/07/2026 11:03:03 a. m.",
"101","HH-EmraldX-AAD-EMEA-ElasticWorkwear_UK39","HH-EmraldX-AAD-EMEA-ElasticWorkwear_UK39","53489533-d5de-467b-8495-55839b3eaf35","Security","HH-EmraldX-AAD-EMEA-ElasticWorkwear_UK39",,"False","10/09/2026 12:17:56 p. m.",
"102","HH-EmraldX-AAD-EMEA-ElasticWorkwear_UK41","HH-EmraldX-AAD-EMEA-ElasticWorkwear_UK41","737872ce-017b-441a-9191-0ea4674dc3a7","Security","HH-EmraldX-AAD-EMEA-ElasticWorkwear_UK41",,"False","23/07/2026 11:03:04 a. m.",
"102","HH-EmraldX-AAD-EMEA-ElasticWorkwear_UK41","HH-EmraldX-AAD-EMEA-ElasticWorkwear_UK41","040c723b-8420-467f-b95f-1d4a80fb76e0","Security","HH-EmraldX-AAD-EMEA-ElasticWorkwear_UK41",,"False","10/09/2026 12:17:56 p. m.",
"103","HH-EmraldX-AAD-EMEA-ElasticWorkwear_UK43","HH-EmraldX-AAD-EMEA-ElasticWorkwear_UK43","260cd09c-69cb-454f-b65a-4b08ba703539","Security","HH-EmraldX-AAD-EMEA-ElasticWorkwear_UK43",,"False","23/07/2026 11:03:04 a. m.",
"103","HH-EmraldX-AAD-EMEA-ElasticWorkwear_UK43","HH-EmraldX-AAD-EMEA-ElasticWorkwear_UK43","2aca672c-2e32-4f53-8664-d736c58e11f5","Security","HH-EmraldX-AAD-EMEA-ElasticWorkwear_UK43",,"False","10/09/2026 12:17:56 p. m.",
"104","HH-EmraldX-AAD-EMEA-ElasticWorkwear_UK44","HH-EmraldX-AAD-EMEA-ElasticWorkwear_UK44","edaeae66-d055-4b74-84c8-a95440957a00","Security","HH-EmraldX-AAD-EMEA-ElasticWorkwear_UK44",,"False","10/09/2026 12:17:49 p. m.",
"104","HH-EmraldX-AAD-EMEA-ElasticWorkwear_UK44","HH-EmraldX-AAD-EMEA-ElasticWorkwear_UK44","0a9380c0-38ee-46c6-8f11-07785e5bc4a0","Security","HH-EmraldX-AAD-EMEA-ElasticWorkwear_UK44",,"False","10/09/2026 12:17:56 p. m.",
"105","HH-EmraldX-AAD-EMEA-ElasticWorkwear_UK98","HH-EmraldX-AAD-EMEA-ElasticWorkwear_UK98","61385ecc-afbe-45f6-a2fd-03c06252c7af","Security","HH-EmraldX-AAD-EMEA-ElasticWorkwear_UK98",,"False","23/07/2026 11:03:04 a. m.",
"105","HH-EmraldX-AAD-EMEA-ElasticWorkwear_UK98","HH-EmraldX-AAD-EMEA-ElasticWorkwear_UK98","491845e9-8647-48c3-861f-8bdc92917be7","Security","HH-EmraldX-AAD-EMEA-ElasticWorkwear_UK98",,"False","10/09/2026 12:17:57 p. m.",
"106","HH-EmraldX-AAD-EMEA-ElasticWorkwear_UK99","HH-EmraldX-AAD-EMEA-ElasticWorkwear_UK99","a51e0d47-b398-403a-bc07-1b211a66dd20","Security","HH-EmraldX-AAD-EMEA-ElasticWorkwear_UK99",,"False","23/07/2026 11:03:04 a. m.",
"106","HH-EmraldX-AAD-EMEA-ElasticWorkwear_UK99","HH-EmraldX-AAD-EMEA-ElasticWorkwear_UK99","27b7510e-56ad-4dbe-a3da-2bfce4ded56b","Security","HH-EmraldX-AAD-EMEA-ElasticWorkwear_UK99",,"False","10/09/2026 12:17:57 p. m.",
"107","HH-EmraldX-AAD-EMEA-ElasticWorkwear_XE98","HH-EmraldX-AAD-EMEA-ElasticWorkwear_XE98","83bbc62a-ec4c-4931-b37b-62c371e32f6a","Security","HH-EmraldX-AAD-EMEA-ElasticWorkwear_XE98",,"False","23/07/2026 11:03:05 a. m.",
"107","HH-EmraldX-AAD-EMEA-ElasticWorkwear_XE98","HH-EmraldX-AAD-EMEA-ElasticWorkwear_XE98","6a2d64c7-b0af-4161-8915-992f9db8eaa0","Security","HH-EmraldX-AAD-EMEA-ElasticWorkwear_XE98",,"False","10/09/2026 12:18:06 p. m.",
"108","HH-EmraldX-AAD-NAMR-ElasticWorkwear_CA21","HH-EmraldX-AAD-NAMR-ElasticWorkwear_CA21","cba149f8-1e8b-4c6f-b99e-24621f53c228","Security","HH-EmraldX-AAD-NAMR-ElasticWorkwear_CA21",,"False","10/09/2026 12:18:17 p. m.",
"108","HH-EmraldX-AAD-NAMR-ElasticWorkwear_CA21","HH-EmraldX-AAD-NAMR-ElasticWorkwear_CA21","8b64ca7f-4649-4d8e-82a3-a2885b574a8c","Security","HH-EmraldX-AAD-NAMR-ElasticWorkwear_CA21",,"False","10/09/2026 12:18:19 p. m.",
"109","HH-EmraldX-AAD-NAMR-ElasticWorkwear_US17","HH-EmraldX-AAD-NAMR-ElasticWorkwear_US17","04c5d573-2d42-4f14-bf36-250a260b4f7b","Security","HH-EmraldX-AAD-NAMR-ElasticWorkwear_US17",,"False","10/09/2026 12:18:18 p. m.",
"109","HH-EmraldX-AAD-NAMR-ElasticWorkwear_US17","HH-EmraldX-AAD-NAMR-ElasticWorkwear_US17","e4553caf-f680-4bb0-af55-3285e3d97805","Security","HH-EmraldX-AAD-NAMR-ElasticWorkwear_US17",,"False","10/09/2026 12:18:19 p. m.",
"110","HH-EmraldX-AAD-NAMR-ElasticWorkwear_US95","HH-EmraldX-AAD-NAMR-ElasticWorkwear_US95","0aff970c-ac91-4974-b26a-06fd53d3f8b8","Security","HH-EmraldX-AAD-NAMR-ElasticWorkwear_US95",,"False","10/09/2026 12:18:18 p. m.",
"110","HH-EmraldX-AAD-NAMR-ElasticWorkwear_US95","HH-EmraldX-AAD-NAMR-ElasticWorkwear_US95","d6238299-6fd0-4943-851b-ac534dc10a1e","Security","HH-EmraldX-AAD-NAMR-ElasticWorkwear_US95",,"False","10/09/2026 12:18:19 p. m.",
"111","HH-EyeshareAS-AAD-GLBL- Workflow_InvoiceAccountants","HH-EyeshareAS-AAD-GLBL- Workflow_InvoiceAccountants","3d18ed1d-9404-4486-8530-f145e123cc23","Security","55b148ed-c",,"False","28/05/2026 12:34:03 p. m.","HH-EyeshareAS-AAD-GLBL- Workflow_InvoiceAccountants"
"111","HH-EyeshareAS-AAD-GLBL- Workflow_InvoiceAccountants","HH-EyeshareAS-AAD-GLBL- Workflow_InvoiceAccountants","05ca7a3a-be00-47d7-8123-d0eb4bca40af","Security","HH-EyeshareAS-AAD-GLBL-Workflow_InvoiceAccountants",,"False","10/09/2026 12:17:46 p. m.",
"112","HH-EyeshareAS-AAD-GLBL- Workflow_InvoiceControllers","HH-EyeshareAS-AAD-GLBL- Workflow_InvoiceControllers","2aee7906-82a2-45a3-8a3c-ecdd6e4360da","Security","0f185787-1",,"False","28/05/2026 12:34:30 p. m.","HH-EyeshareAS-AAD-GLBL- Workflow_InvoiceControllers"
"112","HH-EyeshareAS-AAD-GLBL- Workflow_InvoiceControllers","HH-EyeshareAS-AAD-GLBL- Workflow_InvoiceControllers","ea111533-4271-49e6-8d60-eea495c6db38","Security","HH-EyeshareAS-AAD-GLBL-Workflow_InvoiceControllers",,"False","10/09/2026 12:17:46 p. m.",
"113","HH-EyeshareAS-AAD-GLBL- Workflow_InvoiceReadOnly","HH-EyeshareAS-AAD-GLBL- Workflow_InvoiceReadOnly","68a1604d-e2b2-4dcf-8143-d3a64c984fbd","Security","6055862e-2",,"False","28/05/2026 12:34:38 p. m.","HH-EyeshareAS-AAD-GLBL- Workflow_InvoiceReadOnly"
"113","HH-EyeshareAS-AAD-GLBL- Workflow_InvoiceReadOnly","HH-EyeshareAS-AAD-GLBL- Workflow_InvoiceReadOnly","ec96d5c0-4486-4296-89c4-4a0f7a413cf2","Security","HH-EyeshareAS-AAD-GLBL-Workflow_InvoiceReadOnly",,"False","10/09/2026 12:17:46 p. m.",
"114","HH-EyeshareAS-AAD-GLBL-Workflow_AdministrationAccountants","HH-EyeshareAS-AAD-GLBL-Workflow_AdministrationAccountants","6a6c7089-e4b4-4269-bb95-9b3d5e26358b","Security","2ae43986-f",,"False","28/05/2026 12:33:53 p. m.","HH-EyeshareAS-AAD-GLBL-Workflow_AdministrationAccountants"
"114","HH-EyeshareAS-AAD-GLBL-Workflow_AdministrationAccountants","HH-EyeshareAS-AAD-GLBL-Workflow_AdministrationAccountants","185ac546-1576-43ea-ae9e-3f5d7137f9a8","Security","HH-EyeshareAS-AAD-GLBL-Workflow_AdministrationAccountants",,"False","10/09/2026 12:17:41 p. m.",
"115","HH-ProductionTeam","HH-ProductionTeam","f55688a6-5f36-4a99-ba58-0dca1bcd8411","Microsoft 365","HH-ProductionTeam8","HH-ProductionTeam8@teams.kontoorbrands.com","False","18/04/2026 07:11:24 a. m.","Production Team"
"115","HH-ProductionTeam","HH-ProductionTeam","781da3fb-ad79-4319-92c3-cddc78e3368b","Microsoft 365","HH-ProductionTeam","HH-ProductionTeam@teams.kontoorbrands.com","False","18/04/2026 07:12:43 a. m.","Joint tasks to cover"
"116","HR EMEA","HR EMEA","4123c656-e828-4736-9721-e29491dfb0fc","Microsoft 365","HREMEA","HREMEA@KontoorBrands.com","False","27/11/2020 08:10:17 p. m."," "
"116","HR Emea","HR Emea","8316dcb1-03e8-492e-a9fd-325a44c7938c","Distribution","HR.Emea","HR.Emea@KontoorBrands.com","False","10/12/2023 07:27:04 a. m.",
"117","IT Leadership","IT Leadership","ed50457e-bc0f-47ab-8155-1c2ed66ed655","Microsoft 365","ITLeadership.team","ITLeadership.team@KontoorBrands.com","False","19/03/2020 06:00:01 p. m.","Group requested by Cesar"
"117","IT Leadership","IT Leadership","0aebd30f-378b-4ed4-9275-d51329122e6d","Microsoft 365","KTB-GLBL-IT-Leadership","KTB-GLBL-IT-Leadership@teams.kontoorbrands.com","False","29/03/2023 10:46:16 a. m.","A sharepoint site for Just Joe Marotta and leadership team"
"117","IT Leadership","IT Leadership","d1dfed4f-1d6b-465b-90b4-0184383bf96c","Distribution","IT.Leadership","IT.Leadership@KontoorBrands.com","False","10/12/2023 07:34:50 a. m.",
"118","Ktb-ASR-AppService-AAD-GLBL-Admins","Ktb-ASR-AppService-AAD-GLBL-Admins","68c8d3cc-42c8-4b35-8d53-bea994980247","Security","Ktb-ASR-AppService-AAD-GLBL-Admins",,"False","15/12/2020 03:21:28 p. m.","Configurating and Scheduling jobs in the Azure App Service for ASR application"
"118","Ktb-ASR-AppService-AAD-GLBL-Admins","Ktb-ASR-AppService-AAD-GLBL-Admins","b3e5cf97-e05a-4bb7-91ed-2782bb72f685","Security","Ktb-ASR-AppService-AAD-GLBL-Admins",,"False","15/12/2020 03:29:14 p. m.","Configurating and Scheduling jobs in the Azure App Service for ASR application"
"119","KTB-ASRSPO-AAD-GLBL-VISITORS","KTB-ASRSPO-AAD-GLBL-VISITORS","4ef98855-5a1b-44c5-9061-07b00682f223","Security","KTB-ASRSPO-AAD-GLBL-VISITORS",,"False","15/12/2020 03:21:29 p. m.","Access to ASR for Business users Inherited at Site Collection https://kontoorbrands.sharepoint.com/sites/MerchandisingRequests"
"119","KTB-ASRSPO-AAD-GLBL-VISITORS","KTB-ASRSPO-AAD-GLBL-VISITORS","adcbb1be-bf4a-4778-89ca-abdd44e842eb","Security","KTB-ASRSPO-AAD-GLBL-VISITORS",,"False","15/12/2020 03:30:14 p. m.","Access to ASR for Business users Inherited at Site Collection https://kontoorbrands.sharepoint.com/sites/MerchandisingRequests"
"120","KTB-CGS-ADS-LATM-Leadtec-TDQ-TRN_IT","KTB-CGS-ADS-LATM-Leadtec-TDQ-TRN_IT","aa27b54e-c9d9-4705-b842-fa39a337c018","Security","fb2d1f31-0",,"False","26/04/2023 12:29:29 p. m.",
"120","KTB-CGS-ADS-LATM-Leadtec-TDQ-TRN_IT","KTB-CGS-ADS-LATM-Leadtec-TDQ-TRN_IT","bc3d9b12-131a-4dd8-991c-4623bb74801e","Security","KTB-CGS-ADS-LATM-Leadtec-TDQ-TRN_IT",,"True","05/05/2023 08:33:41 p. m.",
"121","KTB-CGS-ADS-LATM-Leadtec-TDQ-TRN_PAY","KTB-CGS-ADS-LATM-Leadtec-TDQ-TRN_PAY","f01158c6-fea4-417d-9201-cb3998dbaee3","Security","da60ff5b-c",,"False","26/04/2023 12:34:46 p. m.",
"121","KTB-CGS-ADS-LATM-Leadtec-TDQ-TRN_PAY","KTB-CGS-ADS-LATM-Leadtec-TDQ-TRN_PAY","992312b0-68b3-4fbc-b71f-fc83299e27fd","Security","KTB-CGS-ADS-LATM-Leadtec-TDQ-TRN_PAY",,"True","05/05/2023 08:33:41 p. m.",
"122"," KTB-PBI-AAD-AMER-PRD_RPT_FINANCEL2View"," KTB-PBI-AAD-AMER-PRD_RPT_FINANCEL2View","bd26f895-daf8-4856-9bad-e7833813da71","Security","3279f4eb-5",,"False","24/10/2025 04:12:51 p. m."," KTB-PBI-AAD-AMER-PRD_RPT_FINANCEL2View"
"122","KTB-PBI-AAD-AMER-PRD_RPT_FINANCEL2View","KTB-PBI-AAD-AMER-PRD_RPT_FINANCEL2View","0788b015-8d90-412e-a999-0b1def1f7f02","Security","07c73c96-b",,"False","07/01/2026 08:36:01 p. m."," KTB-PBI-AAD-AMER-PRD_RPT_FINANCEL2View"
"123","Merchandising Lee EMEA","Merchandising Lee EMEA","2d9cb3df-7bc5-4f8f-8a39-c04858404617","Distribution","Merchandising_Lee_EMEA","Merchandising_Lee_EMEA@KontoorBrands.com","False","10/02/2023 08:14:50 a. m.","Merchandising Lee EMEA"
"123","Merchandising LEE EMEA","Merchandising LEE EMEA","165a4ccb-4bad-4b86-9de9-efe4f216e61f","Microsoft 365","LEE-EMEA-Merchandising-MerchandisingLEE","LEE-EMEA-Merchandising-MerchandisingLEE@KontoorBrands.com","False","01/03/2023 10:55:55 a. m."," "
"124","MerchandisingServicesPR","MerchandisingServicesPR","a05d0365-ef9b-4087-a785-977cf295ca79","Microsoft 365","Lee-NAMR-Sourc-MerchandisingServicesPR-CBN","Lee-NAMR-Sourc-MerchandisingServicesPR-CBN@teams.kontoorbrands.com","False","29/06/2026 11:39:12 a. m.","Lee  Merchandising Services Purchase Request"
"124","MerchandisingServicesPR","MerchandisingServicesPR","9ff96f6d-4de6-4a3e-98d5-9498855d552c","Microsoft 365","Lee-NAMR-Sourc-MerchandisingServicesPR-CBNX","Lee-NAMR-Sourc-MerchandisingServicesPR-CBNX@teams.kontoorbrands.com","False","10/08/2026 02:53:28 p. m.","MSPR LN - Merchandising Service Purchase Request"
"125","Mexico Management Team","Mexico Management Team","10f09ad5-c817-46bf-ac96-a259e234869e","Distribution","mx-management-team","mx-management-team@kontoorbrands.com","False","21/01/2026 03:09:08 p. m.",
"125","Mexico Management Team","Mexico Management Team","1f3f842a-e43e-4173-aec5-982239386fb6","Microsoft 365","KTB-LATM-BrndM-MexicoManagementTeam-CBN","KTB-LATM-BrndM-MexicoManagementTeam-CBN@teams.kontoorbrands.com","False","14/04/2026 01:24:40 p. m.","Site to share information between Mexico Management Team"
"126","Private Channel for GP","Private Channel for GP","a5ea35cd-1834-4d3c-9c51-1d23880a3fec","Microsoft 365","KTB-APAC-Distribution-PrivateChannelforGP","KTB-APAC-Distribution-PrivateChannelforGP@teams.kontoorbrands.com","False","26/04/2023 04:04:22 p. m.","MS Team Private Channel for GP with sharepoint provisioning. ( means a separate document library for just GP private channel)"
"126","Private Channel for GP","Private Channel for GP","6bf3d1bc-3af6-4832-911e-5b55cd0bcafd","Microsoft 365","KTB-APAC-Purchasing-PrivateChannelforGP","KTB-APAC-Purchasing-PrivateChannelforGP@teams.kontoorbrands.com","False","26/04/2023 04:06:23 p. m.","MS Team Private Channel for GP with sharepoint provisioning. ( means a separate document library for just GP private channel)"
"127","ProjectPhoenix (SmokeTest)","ProjectPhoenix (SmokeTest)","90f178f4-0337-4124-8028-4ed077c37666","Microsoft 365","KTB-APAC-Corp-ProjectPhoenix-Collaboration","KTB-APAC-Corp-ProjectPhoenix-Collaboration@teams.kontoorbrands.com","False","01/11/2024 04:57:21 p. m."," "
"127","ProjectPhoenix (SmokeTest)","ProjectPhoenix (SmokeTest)","94b8d8cc-d6ed-4bf4-abd8-e14c8a6bb910","Microsoft 365","KTB-EMEA-Corp-ProjectPhoenix-Collaboration","KTB-EMEA-Corp-ProjectPhoenix-Collaboration@teams.kontoorbrands.com","False","01/11/2024 05:02:32 p. m."," "
"128","SPA Support Site","SPA Support Site","d44988d1-c260-42d3-a3a8-a28609cf6239","Microsoft 365","SPA-Support-Site","SPA-Support-Site@KontoorBrands.com","False","15/09/2020 03:26:44 p. m.","SPA Support Site"
"128","SPA Support Site","SPA Support Site","f4ca59fb-75da-4391-aa5b-54d346d98cf2","Microsoft 365","SPASupportSite","SPASupportSite@KontoorBrands.com","False","15/09/2020 09:59:55 p. m."," "
"129","Talent Management","Talent Management","ec747a71-a18e-4531-ac46-be10ec8fb607","Microsoft 365","TalentMa","TalentMa@KontoorBrands.com","False","09/04/2019 04:39:58 p. m.","Talent Management"
"129","Talent Management","Talent Management","b95c7575-ddc4-4bfe-92c2-269b96b12f35","Microsoft 365","talentmanagement","talentmanagement@teams.kontoorbrands.com","False","29/02/2024 05:08:34 a. m.","Talent Management"
"130","test","test","efa790c9-768c-47b6-9bd5-5fc6db55487f","Security","2f7aa246-e",,"False","23/01/2021 01:01:24 a. m.",
"130","Test","Test","f8171def-78c3-4067-b21d-d8ffe22519b8","Microsoft 365","Test-Test-Test-Test-Test","Test-Test-Test-Test-Test@teams.kontoorbrands.com","False","15/12/2025 03:51:59 p. m.","Test"
"131","The Thread","The Thread","d5cff45a-cea7-4a6c-a08c-36e7aa9a4ca6","Microsoft 365","the.thread","the.thread@KontoorBrands.com","False","15/02/2022 10:18:19 p. m.","Requested by Samantha Shuttleworth"
"131","The Thread","The Thread","ecedaa0a-bd55-4e01-85f7-cdc6026ea479","Microsoft 365","thethread","thethread@teams.kontoorbrands.com","False","29/02/2024 05:12:02 a. m.","UK community group with news, virtual events and tips keeping us connected"
"132","TSARB Committee Members","TSARB Committee Members","00dfdb23-74ad-4fb4-b062-a844d34e7c05","Distribution","tsarb","tsarb1988@KontoorBrands.onmicrosoft.com","False","01/10/2021 04:20:51 p. m.",
"132","TSARB Committee Members","TSARB Committee Members","4d7c34be-fee1-43fb-b887-c1bf015fec1a","Distribution","tsarb","tsarb@KontoorBrands.com","False","10/12/2023 08:06:35 a. m.",
"133","Unstructured Data Separation","Unstructured Data Separation","c76db8e8-f924-446f-ba52-abcde2114548","Microsoft 365","KTB-NAMR-IT-UnstructuredDataSeparation-CBNX","KTB-NAMR-IT-UnstructuredDataSeparation-CBNX@teams.kontoorbrands.com","False","28/08/2026 08:00:39 p. m.","Collaboration and communications with the unstructured data separation team"
"133","Unstructured Data Separation","Unstructured Data Separation","ccff2fd6-fc65-421f-bf8f-0ac278c89d68","Microsoft 365","UnstructuredDataSeparation","UnstructuredDataSeparation@teams.kontoorbrands.com","False","01/09/2026 08:03:43 p. m.","The SharePoint & Teams Provisioning service catalog item delivers a fully automated process for creating and configuring new SharePoint sites and Microsoft Teams. This solution eliminates the need for manual intervention, ensuring consistent, secure, and efficient provisioning while adhering to organizational standards. All underlying configurations, permissions, and group structures are automatically applied, enabling quick deployment without requiring any adjustments to settings or groups. This allows users to get up and running faster while maintaining governance and compliance across the environment."
"134","Walmart Replenishment Team","Walmart Replenishment Team","8178aef2-0894-4dfb-92bc-f23feaedcd71","Microsoft 365","KTB-NAM-Sales-PlanningForecasting-WalmartReplenishment","KTB-NAM-Sales-PlanningForecasting-WalmartReplenishment@KontoorBrands.com","False","14/02/2022 01:54:32 p. m.","Walmart Replenishment Team"
"134","Walmart Replenishment Team","Walmart Replenishment Team","620482fe-aab4-43dc-99e1-c45b17f85d88","Distribution","Walmart.Replenishment.Team","Walmart.Replenishment.Team@KontoorBrands.com","False","29/04/2024 11:57:02 a. m.","Walmart Replenishment Team"
"135","Wrangler Merchandising","Wrangler Merchandising","914dd103-c293-463f-b566-b94ee3cc050d","Microsoft 365","Wrangler.Merchandising","Wrangler.Merchandising@KontoorBrands.com","False","25/02/2023 02:02:14 a. m.","Wrangler Merchandising"
"135","Wrangler Merchandising","Wrangler Merchandising","d804e1ce-786e-4db9-9598-89554d991319","Microsoft 365","WRGLR-NAM-OrgDevelopment-WranglerMerchandising","WRGLR-NAM-OrgDevelopment-WranglerMerchandising@KontoorBrands.com","False","01/03/2023 03:58:11 p. m.","A Wrangler Merchandising Team site to track travel and customer meetings. To coordinate different stakeholders attendance to customer meetings."
"136","WRGLR-SDP-ADS-LATM-ADM_USERS","WRGLR-SDP-ADS-LATM-ADM_USERS","fb8deabf-a514-4202-9848-a2380982a320","Security","WRGLRSDPADSLATMADMUSERS",,"False","22/06/2026 06:52:19 a. m.",
"136","WRGLR-SDP-ADS-LATM-ADM_USERS","WRGLR-SDP-ADS-LATM-ADM_USERS","e2666407-65de-41d7-8ad5-60b4b470a54c","Security","WRGLR-SDP-ADS-LATM-ADM_USERS",,"True","09/09/2026 07:30:35 a. m.",
"137","WRGLR-SDP-ADS-LATM-App_Support","WRGLR-SDP-ADS-LATM-App_Support","4127f1dd-fa22-4414-b9cf-88020add250a","Security","WRGLRSDPADSLATMAppSupport",,"False","22/06/2026 06:52:22 a. m.",
"137","WRGLR-SDP-ADS-LATM-App_Support","WRGLR-SDP-ADS-LATM-App_Support","d6d4cdc2-d60a-4837-a9d5-562707f334b9","Security","WRGLR-SDP-ADS-LATM-App_Support",,"True","09/09/2026 07:30:35 a. m.",
"138","WRGLR-SDP-ADS-LATM-PRD_APPAdmins","WRGLR-SDP-ADS-LATM-PRD_APPAdmins","9b13f25e-27f1-405c-bd06-ca0f10b668cd","Security","WRGLRSDPADSLATMPRDAPPAdmins",,"False","22/06/2026 06:52:24 a. m.",
"138","WRGLR-SDP-ADS-LATM-PRD_APPAdmins","WRGLR-SDP-ADS-LATM-PRD_APPAdmins","9fa4283c-3ef1-4945-9955-113dee31c42f","Security","WRGLR-SDP-ADS-LATM-PRD_APPAdmins",,"True","09/09/2026 07:30:35 a. m.",
"139","WRGLR-SDP-ADS-LATM-PRD_SalesUSERS","WRGLR-SDP-ADS-LATM-PRD_SalesUSERS","d5f179e7-4943-4612-b0ed-811b6b00c53d","Security","WRGLRSDPADSLATMPRDSalesUSERS",,"False","22/06/2026 06:52:27 a. m.",
"139","WRGLR-SDP-ADS-LATM-PRD_SalesUSERS","WRGLR-SDP-ADS-LATM-PRD_SalesUSERS","80de89fd-c508-40cc-ad3c-bd181cb7d27e","Security","WRGLR-SDP-ADS-LATM-PRD_SalesUSERS",,"True","09/09/2026 07:30:35 a. m.",
"140","WRGLR-SDP-ADS-LATM-PRD_USERS","WRGLR-SDP-ADS-LATM-PRD_USERS","90a73af7-d6c4-4dba-a935-f6838c3cc3ce","Security","WRGLRSDPADSLATMPRDUSERS",,"False","22/06/2026 06:52:16 a. m.",
"140","WRGLR-SDP-ADS-LATM-PRD_USERS","WRGLR-SDP-ADS-LATM-PRD_USERS","ad8ba6aa-a3f4-4a06-87b0-a21c9592662f","Security","WRGLR-SDP-ADS-LATM-PRD_USERS",,"True","09/09/2026 08:00:10 a. m.",
"141","WRGLR-SDP-ADS-LATM-PRD_WHUSERS","WRGLR-SDP-ADS-LATM-PRD_WHUSERS","6037aeb9-3e55-40dd-8569-427b79aed882","Security","WRGLRSDPADSLATMPRDWHUSERS",,"False","22/06/2026 06:52:29 a. m.",
"141","WRGLR-SDP-ADS-LATM-PRD_WHUSERS","WRGLR-SDP-ADS-LATM-PRD_WHUSERS","72d30ad3-2f5e-462b-ab29-e86dcaa0a055","Security","WRGLR-SDP-ADS-LATM-PRD_WHUSERS",,"True","09/09/2026 08:00:10 a. m.",
"142","WRGLR-SDP-ADS-LATM-WVD_USERS","WRGLR-SDP-ADS-LATM-WVD_USERS","bdabacfb-15de-4f2d-b822-633256971de1","Security","WRGLRSDPADSLATMWVDUSERS",,"False","22/06/2026 06:52:31 a. m.",
"142","WRGLR-SDP-ADS-LATM-WVD_USERS","WRGLR-SDP-ADS-LATM-WVD_USERS","cf0e891e-f9c7-4597-a585-3ea1ebe75b20","Security","WRGLR-SDP-ADS-LATM-WVD_USERS",,"True","09/09/2026 08:00:10 a. m.",
"143","WRGLR-SDPMagicBox-ADS-GLBL-Current_users","WRGLR-SDPMagicBox-ADS-GLBL-Current_users","31a43134-d1d1-4785-bfbf-bfe57b196152","Security","WRGLRSDPMagicBoxADSGLBLCurrentusers",,"False","22/06/2026 06:52:34 a. m.",
"143","WRGLR-SDPMagicBox-ADS-GLBL-Current_users","WRGLR-SDPMagicBox-ADS-GLBL-Current_users","08d34995-9753-426e-9979-a67112e33a24","Security","WRGLR-SDPMagicBox-ADS-GLBL-Current_users",,"True","09/09/2026 08:00:10 a. m.",
"144","WRGLR-SDPMagicBox-ADS-GLBL-QAS_users","WRGLR-SDPMagicBox-ADS-GLBL-QAS_users","b14a33b4-8998-417c-84f0-c1628ad9090f","Security","WRGLRSDPMagicBoxADSGLBLQASusers",,"False","22/06/2026 06:52:36 a. m.",
"144","WRGLR-SDPMagicBox-ADS-GLBL-QAS_users","WRGLR-SDPMagicBox-ADS-GLBL-QAS_users","892b40e7-d274-4673-8082-08dd7b373868","Security","WRGLR-SDPMagicBox-ADS-GLBL-QAS_users",,"True","09/09/2026 08:00:10 a. m.",
